order_id,name,order_date,revenue,is_new_customer,click_id,utm_source,utm_medium,utm_campaign
ord_1,#1001,2025-01-01,83.15,True,,,,
ord_2,#1002,2025-01-01,37.72,False,,,,
ord_3,#1003,2025-01-01,17.39,True,pin__51,pinterest,cpc,pin_conv
ord_4,#1004,2025-01-01,64.75,False,,,,
ord_5,#1005,2025-01-01,120.4,False,,,,
ord_6,#1006,2025-01-01,63.37,False,,,,
ord_7,#1007,2025-01-01,154.0,True,gclid_19,google,cpc,goog_search
ord_8,#1008,2025-01-01,44.34,True,,,,
ord_9,#1009,2025-01-01,54.38,True,,,,
ord_10,#1010,2025-01-01,43.77,False,,,,
ord_11,#1011,2025-01-01,94.45,False,,,,
ord_12,#1012,2025-01-01,61.93,False,,,,
ord_13,#1013,2025-01-01,50.92,False,,,,
ord_14,#1014,2025-01-01,113.41,True,,,,
ord_15,#1015,2025-01-01,53.59,True,gclid_19,google,cpc,goog_search
ord_16,#1016,2025-01-01,79.57,True,fbclid_6,meta,cpc,meta_br
ord_17,#1017,2025-01-01,28.81,True,,,,
ord_18,#1018,2025-01-01,57.39,False,,,,
ord_19,#1019,2025-01-01,35.37,True,fbclid_17,meta,cpc,meta_ret
ord_20,#1020,2025-01-01,41.8,False,fbclid_6,meta,cpc,meta_br
ord_21,#1021,2025-01-01,214.91,False,,,,
ord_22,#1022,2025-01-01,122.5,True,,,,
ord_23,#1023,2025-01-01,137.56,False,,,,
ord_24,#1024,2025-01-01,46.52,True,,,,
ord_25,#1025,2025-01-02,23.25,False,,,,
ord_26,#1026,2025-01-02,34.56,False,,,,
ord_27,#1027,2025-01-02,137.16,True,pin__44,pinterest,cpc,pin_aware
ord_28,#1028,2025-01-02,56.97,False,,,,
ord_29,#1029,2025-01-02,114.56,False,pin__91,pinterest,cpc,pin_aware
ord_30,#1030,2025-01-02,88.92,True,fbclid_56,meta,cpc,meta_br
ord_31,#1031,2025-01-02,76.49,False,,,,
ord_32,#1032,2025-01-02,28.01,False,,,,
ord_33,#1033,2025-01-02,177.29,True,bing__82,bing,cpc,bing_shop
ord_34,#1034,2025-01-02,33.31,False,,,,
ord_35,#1035,2025-01-02,54.54,False,,,,
ord_36,#1036,2025-01-02,62.93,True,,,,
ord_37,#1037,2025-01-02,174.08,True,,,,
ord_38,#1038,2025-01-02,51.92,False,fbclid_62,meta,cpc,meta_conv
ord_39,#1039,2025-01-02,125.84,False,,,,
ord_40,#1040,2025-01-02,61.75,False,,,,
ord_41,#1041,2025-01-02,10,False,,,,
ord_42,#1042,2025-01-02,60.84,True,fbclid_5,meta,cpc,meta_br
ord_43,#1043,2025-01-02,34.21,False,,,,
ord_44,#1044,2025-01-02,44.54,True,,,,
ord_45,#1045,2025-01-02,120.18,False,,,,
ord_46,#1046,2025-01-02,67.08,False,,,,
ord_47,#1047,2025-01-02,128.87,True,,,,
ord_48,#1048,2025-01-02,48.5,False,,,,
ord_49,#1049,2025-01-02,66.93,False,,,,
ord_50,#1050,2025-01-03,35.98,False,,,,
ord_51,#1051,2025-01-03,139.5,False,,,,
ord_52,#1052,2025-01-03,41.61,False,,,,
ord_53,#1053,2025-01-03,47.17,False,,,,
ord_54,#1054,2025-01-03,158.08,False,gclid_115,google,cpc,goog_pmax
ord_55,#1055,2025-01-03,45.81,True,gclid_69,google,cpc,goog_search
ord_56,#1056,2025-01-03,28.53,True,bing__121,bing,cpc,bing_shop
ord_57,#1057,2025-01-03,11.54,False,fbclid_104,meta,cpc,meta_ret
ord_58,#1058,2025-01-03,36.7,True,bing__117,bing,cpc,bing_search
ord_59,#1059,2025-01-03,58.78,False,pin__52,pinterest,cpc,pin_conv
ord_60,#1060,2025-01-03,138.74,True,pin__42,pinterest,cpc,pin_aware
ord_61,#1061,2025-01-03,26.08,True,,,,
ord_62,#1062,2025-01-03,42.8,False,,,,
ord_63,#1063,2025-01-03,18.64,False,,,,
ord_64,#1064,2025-01-03,10,True,pin__54,pinterest,cpc,pin_conv
ord_65,#1065,2025-01-03,138.05,False,fbclid_64,meta,cpc,meta_conv
ord_66,#1066,2025-01-03,110.06,False,,,,
ord_67,#1067,2025-01-03,56.79,False,pin__48,pinterest,cpc,pin_conv
ord_68,#1068,2025-01-03,28.38,True,,,,
ord_69,#1069,2025-01-03,65.01,True,pin__135,pinterest,cpc,pin_conv
ord_70,#1070,2025-01-03,28.58,True,bing__122,bing,cpc,bing_shop
ord_71,#1071,2025-01-03,29.45,False,,,,
ord_72,#1072,2025-01-03,63.3,False,,,,
ord_73,#1073,2025-01-03,117.8,True,,,,
ord_74,#1074,2025-01-03,60.72,False,fbclid_1,meta,cpc,meta_br
ord_75,#1075,2025-01-03,53.75,True,,,,
ord_76,#1076,2025-01-04,106.46,False,bing__177,bing,cpc,bing_shop
ord_77,#1077,2025-01-04,24.44,True,,,,
ord_78,#1078,2025-01-04,144.57,False,,,,
ord_79,#1079,2025-01-04,110.67,True,,,,
ord_80,#1080,2025-01-04,44.26,False,gclid_25,google,cpc,goog_pmax
ord_81,#1081,2025-01-04,42.46,True,,,,
ord_82,#1082,2025-01-04,51.9,False,,,,
ord_83,#1083,2025-01-04,40.85,False,,,,
ord_84,#1084,2025-01-04,95.29,True,,,,
ord_85,#1085,2025-01-04,155.38,False,bing__38,bing,cpc,bing_shop
ord_86,#1086,2025-01-04,46.71,True,,,,
ord_87,#1087,2025-01-04,69.38,False,,,,
ord_88,#1088,2025-01-04,65.2,True,fbclid_4,meta,cpc,meta_br
ord_89,#1089,2025-01-04,77.63,False,,,,
ord_90,#1090,2025-01-04,54.77,False,,,,
ord_91,#1091,2025-01-04,29.47,True,,,,
ord_92,#1092,2025-01-04,19.95,False,gclid_19,google,cpc,goog_search
ord_93,#1093,2025-01-05,51.23,True,fbclid_203,meta,cpc,meta_ret
ord_94,#1094,2025-01-05,35.03,False,,,,
ord_95,#1095,2025-01-05,135.88,False,pin__43,pinterest,cpc,pin_aware
ord_96,#1096,2025-01-05,65.09,False,,,,
ord_97,#1097,2025-01-05,161.78,True,,,,
ord_98,#1098,2025-01-05,85.96,False,fbclid_7,meta,cpc,meta_conv
ord_99,#1099,2025-01-05,76.5,False,,,,
ord_100,#1100,2025-01-05,35.64,True,,,,
ord_101,#1101,2025-01-05,72.8,True,bing__77,bing,cpc,bing_search
ord_102,#1102,2025-01-05,19.22,False,gclid_109,google,cpc,goog_search
ord_103,#1103,2025-01-05,55.64,False,,,,
ord_104,#1104,2025-01-05,98.97,False,,,,
ord_105,#1105,2025-01-05,23.79,True,,,,
ord_106,#1106,2025-01-05,133.07,False,,,,
ord_107,#1107,2025-01-05,37.24,False,,,,
ord_108,#1108,2025-01-05,43.79,False,,,,
ord_109,#1109,2025-01-05,55.85,False,,,,
ord_110,#1110,2025-01-05,103.15,False,pin__240,pinterest,cpc,pin_conv
ord_111,#1111,2025-01-05,126.59,False,pin__131,pinterest,cpc,pin_aware
ord_112,#1112,2025-01-05,42.27,False,bing__122,bing,cpc,bing_shop
ord_113,#1113,2025-01-05,36.48,False,,,,
ord_114,#1114,2025-01-05,236.39,False,,,,
ord_115,#1115,2025-01-05,48.41,True,,,,
ord_116,#1116,2025-01-05,37.14,False,,,,
ord_117,#1117,2025-01-05,59.11,False,pin__188,pinterest,cpc,pin_conv
ord_118,#1118,2025-01-05,64.99,True,,,,
ord_119,#1119,2025-01-06,170.51,True,,,,
ord_120,#1120,2025-01-06,125.66,False,,,,
ord_121,#1121,2025-01-06,169.55,False,,,,
ord_122,#1122,2025-01-06,28.63,False,,,,
ord_123,#1123,2025-01-06,77.94,False,,,,
ord_124,#1124,2025-01-06,74.73,False,fbclid_259,meta,cpc,meta_ret
ord_125,#1125,2025-01-06,27.61,False,,,,
ord_126,#1126,2025-01-06,67.38,True,,,,
ord_127,#1127,2025-01-06,59.37,False,fbclid_68,meta,cpc,meta_ret
ord_128,#1128,2025-01-06,15.35,False,bing__77,bing,cpc,bing_search
ord_129,#1129,2025-01-06,10,False,,,,
ord_130,#1130,2025-01-06,178.5,False,,,,
ord_131,#1131,2025-01-06,158.97,False,pin__190,pinterest,cpc,pin_conv
ord_132,#1132,2025-01-06,62.6,False,,,,
ord_133,#1133,2025-01-06,108.96,False,pin__283,pinterest,cpc,pin_conv
ord_134,#1134,2025-01-06,91.16,True,,,,
ord_135,#1135,2025-01-06,21.21,True,,,,
ord_136,#1136,2025-01-06,25.57,True,,,,
ord_137,#1137,2025-01-06,11.64,False,,,,
ord_138,#1138,2025-01-06,19.95,True,,,,
ord_139,#1139,2025-01-06,47.8,False,,,,
ord_140,#1140,2025-01-06,153.58,True,,,,
ord_141,#1141,2025-01-06,147.4,False,,,,
ord_142,#1142,2025-01-07,58.88,False,,,,
ord_143,#1143,2025-01-07,94.78,False,,,,
ord_144,#1144,2025-01-07,112.92,True,,,,
ord_145,#1145,2025-01-07,46.5,True,fbclid_300,meta,cpc,meta_conv
ord_146,#1146,2025-01-07,108.57,True,,,,
ord_147,#1147,2025-01-07,34.72,False,,,,
ord_148,#1148,2025-01-07,22.63,False,bing__280,bing,cpc,bing_shop
ord_149,#1149,2025-01-07,25.0,False,,,,
ord_150,#1150,2025-01-07,114.56,True,,,,
ord_151,#1151,2025-01-07,105.48,False,,,,
ord_152,#1152,2025-01-07,44.46,False,,,,
ord_153,#1153,2025-01-07,31.53,True,,,,
ord_154,#1154,2025-01-07,75.09,False,fbclid_257,meta,cpc,meta_ret
ord_155,#1155,2025-01-07,64.68,True,,,,
ord_156,#1156,2025-01-07,56.07,True,,,,
ord_157,#1157,2025-01-07,66.32,True,,,,
ord_158,#1158,2025-01-07,29.75,True,pin__136,pinterest,cpc,pin_conv
ord_159,#1159,2025-01-07,72.51,False,,,,
ord_160,#1160,2025-01-07,54.91,True,,,,
ord_161,#1161,2025-01-07,46.55,True,pin__51,pinterest,cpc,pin_conv
ord_162,#1162,2025-01-07,23.56,True,bing__77,bing,cpc,bing_search
ord_163,#1163,2025-01-07,57.51,True,,,,
ord_164,#1164,2025-01-07,56.61,False,,,,
ord_165,#1165,2025-01-07,49.04,True,pin__284,pinterest,cpc,pin_conv
ord_166,#1166,2025-01-07,120.55,False,,,,
ord_167,#1167,2025-01-07,134.25,True,gclid_263,google,cpc,goog_search
ord_168,#1168,2025-01-08,129.32,False,,,,
ord_169,#1169,2025-01-08,36.65,True,fbclid_66,meta,cpc,meta_ret
ord_170,#1170,2025-01-08,189.53,False,,,,
ord_171,#1171,2025-01-08,137.19,True,,,,
ord_172,#1172,2025-01-08,188.33,True,,,,
ord_173,#1173,2025-01-08,117.1,False,fbclid_99,meta,cpc,meta_br
ord_174,#1174,2025-01-08,23.65,True,fbclid_12,meta,cpc,meta_conv
ord_175,#1175,2025-01-08,58.9,True,gclid_318,google,cpc,goog_pmax
ord_176,#1176,2025-01-08,96.66,False,pin__90,pinterest,cpc,pin_aware
ord_177,#1177,2025-01-08,43.66,False,bing__78,bing,cpc,bing_search
ord_178,#1178,2025-01-08,102.24,True,,,,
ord_179,#1179,2025-01-08,74.14,False,,,,
ord_180,#1180,2025-01-08,164.02,False,,,,
ord_181,#1181,2025-01-08,17.32,False,,,,
ord_182,#1182,2025-01-08,67.61,False,,,,
ord_183,#1183,2025-01-08,113.74,False,,,,
ord_184,#1184,2025-01-08,25.83,True,bing__324,bing,cpc,bing_search
ord_185,#1185,2025-01-08,56.82,False,,,,
ord_186,#1186,2025-01-08,52.0,False,,,,
ord_187,#1187,2025-01-08,56.16,True,pin__55,pinterest,cpc,pin_conv
ord_188,#1188,2025-01-08,183.39,False,,,,
ord_189,#1189,2025-01-08,186.88,True,gclid_360,google,cpc,goog_search
ord_190,#1190,2025-01-08,58.24,False,pin__230,pinterest,cpc,pin_aware
ord_191,#1191,2025-01-08,53.02,True,,,,
ord_192,#1192,2025-01-08,174.08,True,,,,
ord_193,#1193,2025-01-08,149.37,True,,,,
ord_194,#1194,2025-01-09,94.51,True,,,,
ord_195,#1195,2025-01-09,32.54,False,,,,
ord_196,#1196,2025-01-09,96.08,False,pin__243,pinterest,cpc,pin_conv
ord_197,#1197,2025-01-09,45.79,False,fbclid_60,meta,cpc,meta_br
ord_198,#1198,2025-01-09,161.39,False,,,,
ord_199,#1199,2025-01-09,62.72,True,bing__225,bing,cpc,bing_shop
ord_200,#1200,2025-01-09,49.41,True,,,,
ord_201,#1201,2025-01-09,102.03,False,,,,
ord_202,#1202,2025-01-09,36.29,True,pin__188,pinterest,cpc,pin_conv
ord_203,#1203,2025-01-09,119.85,False,,,,
ord_204,#1204,2025-01-09,58.96,False,,,,
ord_205,#1205,2025-01-09,66.76,False,,,,
ord_206,#1206,2025-01-09,46.05,True,gclid_170,google,cpc,goog_pmax
ord_207,#1207,2025-01-09,83.79,True,,,,
ord_208,#1208,2025-01-09,98.78,True,,,,
ord_209,#1209,2025-01-09,61.15,False,,,,
ord_210,#1210,2025-01-09,33.12,False,,,,
ord_211,#1211,2025-01-09,111.5,False,,,,
ord_212,#1212,2025-01-09,65.13,True,,,,
ord_213,#1213,2025-01-09,31.73,False,,,,
ord_214,#1214,2025-01-10,44.87,True,,,,
ord_215,#1215,2025-01-10,52.32,False,gclid_163,google,cpc,goog_search
ord_216,#1216,2025-01-10,163.74,False,,,,
ord_217,#1217,2025-01-10,47.9,False,fbclid_9,meta,cpc,meta_conv
ord_218,#1218,2025-01-10,56.5,True,,,,
ord_219,#1219,2025-01-10,38.9,True,bing__328,bing,cpc,bing_shop
ord_220,#1220,2025-01-10,112.56,False,,,,
ord_221,#1221,2025-01-10,172.54,True,,,,
ord_222,#1222,2025-01-10,10,False,bing__328,bing,cpc,bing_shop
ord_223,#1223,2025-01-10,15.34,False,,,,
ord_224,#1224,2025-01-10,28.05,False,,,,
ord_225,#1225,2025-01-10,62.7,True,bing__424,bing,cpc,bing_search
ord_226,#1226,2025-01-10,140.43,False,,,,
ord_227,#1227,2025-01-10,67.06,False,,,,
ord_228,#1228,2025-01-10,80.78,True,,,,
ord_229,#1229,2025-01-10,117.62,False,,,,
ord_230,#1230,2025-01-10,44.76,False,,,,
ord_231,#1231,2025-01-10,13.51,False,,,,
ord_232,#1232,2025-01-10,65.39,False,,,,
ord_233,#1233,2025-01-10,73.27,True,,,,
ord_234,#1234,2025-01-11,178.38,False,pin__46,pinterest,cpc,pin_aware
ord_235,#1235,2025-01-11,153.94,True,,,,
ord_236,#1236,2025-01-11,35.41,False,,,,
ord_237,#1237,2025-01-11,54.59,False,,,,
ord_238,#1238,2025-01-11,19.87,False,,,,
ord_239,#1239,2025-01-11,39.2,True,,,,
ord_240,#1240,2025-01-11,56.08,False,,,,
ord_241,#1241,2025-01-11,68.07,False,,,,
ord_242,#1242,2025-01-11,51.6,True,,,,
ord_243,#1243,2025-01-11,100.99,True,,,,
ord_244,#1244,2025-01-11,141.67,False,pin__330,pinterest,cpc,pin_aware
ord_245,#1245,2025-01-11,18.8,True,bing__472,bing,cpc,bing_search
ord_246,#1246,2025-01-11,43.42,False,,,,
ord_247,#1247,2025-01-11,167.97,False,,,,
ord_248,#1248,2025-01-11,51.7,False,bing__367,bing,cpc,bing_search
ord_249,#1249,2025-01-11,43.44,False,,,,
ord_250,#1250,2025-01-11,56.91,False,,,,
ord_251,#1251,2025-01-11,202.31,False,,,,
ord_252,#1252,2025-01-11,141.06,True,,,,
ord_253,#1253,2025-01-12,92.3,True,,,,
ord_254,#1254,2025-01-12,138.71,False,,,,
ord_255,#1255,2025-01-12,28.97,False,gclid_166,google,cpc,goog_pmax
ord_256,#1256,2025-01-12,97.0,False,bing__322,bing,cpc,bing_search
ord_257,#1257,2025-01-12,60.0,False,,,,
ord_258,#1258,2025-01-12,138.34,False,,,,
ord_259,#1259,2025-01-12,27.13,False,,,,
ord_260,#1260,2025-01-12,10,False,,,,
ord_261,#1261,2025-01-12,40.97,True,gclid_508,google,cpc,goog_search
ord_262,#1262,2025-01-12,113.89,True,bing__278,bing,cpc,bing_shop
ord_263,#1263,2025-01-12,40.24,True,,,,
ord_264,#1264,2025-01-12,82.76,True,,,,
ord_265,#1265,2025-01-12,39.51,False,pin__582,pinterest,cpc,pin_conv
ord_266,#1266,2025-01-12,152.33,True,,,,
ord_267,#1267,2025-01-12,45.78,True,,,,
ord_268,#1268,2025-01-12,159.22,True,,,,
ord_269,#1269,2025-01-12,89.0,False,fbclid_394,meta,cpc,meta_br
ord_270,#1270,2025-01-12,179.11,True,fbclid_462,meta,cpc,meta_ret
ord_271,#1271,2025-01-12,89.3,True,fbclid_453,meta,cpc,meta_conv
ord_272,#1272,2025-01-12,40.64,False,,,,
ord_273,#1273,2025-01-13,39.01,False,pin__89,pinterest,cpc,pin_aware
ord_274,#1274,2025-01-13,43.85,True,,,,
ord_275,#1275,2025-01-13,42.14,False,gclid_408,google,cpc,goog_search
ord_276,#1276,2025-01-13,17.88,True,,,,
ord_277,#1277,2025-01-13,49.94,False,,,,
ord_278,#1278,2025-01-13,114.17,True,,,,
ord_279,#1279,2025-01-13,57.38,True,bing__172,bing,cpc,bing_search
ord_280,#1280,2025-01-13,36.77,False,fbclid_585,meta,cpc,meta_br
ord_281,#1281,2025-01-13,52.64,False,,,,
ord_282,#1282,2025-01-13,40.61,False,bing__428,bing,cpc,bing_shop
ord_283,#1283,2025-01-13,41.59,True,pin__189,pinterest,cpc,pin_conv
ord_284,#1284,2025-01-13,49.77,False,bing__280,bing,cpc,bing_shop
ord_285,#1285,2025-01-13,37.37,False,fbclid_297,meta,cpc,meta_br
ord_286,#1286,2025-01-13,33.32,False,,,,
ord_287,#1287,2025-01-13,20.35,False,pin__288,pinterest,cpc,pin_conv
ord_288,#1288,2025-01-13,48.37,True,,,,
ord_289,#1289,2025-01-13,23.5,False,,,,
ord_290,#1290,2025-01-14,10,False,,,,
ord_291,#1291,2025-01-14,160.33,True,,,,
ord_292,#1292,2025-01-14,141.88,False,,,,
ord_293,#1293,2025-01-14,142.85,False,,,,
ord_294,#1294,2025-01-14,10,True,,,,
ord_295,#1295,2025-01-14,46.47,False,,,,
ord_296,#1296,2025-01-14,60.16,True,bing__374,bing,cpc,bing_shop
ord_297,#1297,2025-01-14,48.2,False,fbclid_454,meta,cpc,meta_conv
ord_298,#1298,2025-01-14,20.84,False,,,,
ord_299,#1299,2025-01-14,43.31,True,,,,
ord_300,#1300,2025-01-14,23.42,True,,,,
ord_301,#1301,2025-01-14,156.9,False,,,,
ord_302,#1302,2025-01-14,28.09,True,,,,
ord_303,#1303,2025-01-14,26.41,False,,,,
ord_304,#1304,2025-01-14,33.07,False,,,,
ord_305,#1305,2025-01-15,32.58,True,fbclid_306,meta,cpc,meta_ret
ord_306,#1306,2025-01-15,69.29,False,bing__221,bing,cpc,bing_search
ord_307,#1307,2025-01-15,46.61,False,,,,
ord_308,#1308,2025-01-15,93.87,False,,,,
ord_309,#1309,2025-01-15,201.1,False,bing__716,bing,cpc,bing_search
ord_310,#1310,2025-01-15,45.02,False,,,,
ord_311,#1311,2025-01-15,76.69,True,,,,
ord_312,#1312,2025-01-15,53.51,False,pin__528,pinterest,cpc,pin_aware
ord_313,#1313,2025-01-15,54.45,False,,,,
ord_314,#1314,2025-01-15,37.99,False,bing__476,bing,cpc,bing_shop
ord_315,#1315,2025-01-15,72.59,True,fbclid_393,meta,cpc,meta_br
ord_316,#1316,2025-01-15,57.68,False,,,,
ord_317,#1317,2025-01-15,54.49,True,,,,
ord_318,#1318,2025-01-15,31.47,False,,,,
ord_319,#1319,2025-01-15,203.01,True,,,,
ord_320,#1320,2025-01-15,201.14,True,,,,
ord_321,#1321,2025-01-15,56.92,False,,,,
ord_322,#1322,2025-01-15,181.59,True,,,,
ord_323,#1323,2025-01-15,68.71,False,pin__386,pinterest,cpc,pin_conv
ord_324,#1324,2025-01-15,10,False,,,,
ord_325,#1325,2025-01-15,37.49,True,,,,
ord_326,#1326,2025-01-15,67.41,True,,,,
ord_327,#1327,2025-01-15,35.7,False,,,,
ord_328,#1328,2025-01-15,66.48,True,bing__228,bing,cpc,bing_shop
ord_329,#1329,2025-01-15,63.45,False,bing__38,bing,cpc,bing_shop
ord_330,#1330,2025-01-16,22.79,True,bing__276,bing,cpc,bing_shop
ord_331,#1331,2025-01-16,11.03,False,,,,
ord_332,#1332,2025-01-16,13.64,False,,,,
ord_333,#1333,2025-01-16,145.6,False,,,,
ord_334,#1334,2025-01-16,145.86,False,,,,
ord_335,#1335,2025-01-16,37.98,True,,,,
ord_336,#1336,2025-01-16,27.52,False,fbclid_744,meta,cpc,meta_conv
ord_337,#1337,2025-01-16,27.97,False,,,,
ord_338,#1338,2025-01-16,40.21,False,bing__219,bing,cpc,bing_search
ord_339,#1339,2025-01-16,43.4,True,,,,
ord_340,#1340,2025-01-16,64.06,True,pin__578,pinterest,cpc,pin_aware
ord_341,#1341,2025-01-16,39.69,False,,,,
ord_342,#1342,2025-01-16,16.18,False,,,,
ord_343,#1343,2025-01-16,88.48,True,,,,
ord_344,#1344,2025-01-16,70.7,False,fbclid_68,meta,cpc,meta_ret
ord_345,#1345,2025-01-16,46.82,False,,,,
ord_346,#1346,2025-01-16,49.75,False,,,,
ord_347,#1347,2025-01-16,50.82,True,,,,
ord_348,#1348,2025-01-16,198.2,False,,,,
ord_349,#1349,2025-01-17,50.69,False,,,,
ord_350,#1350,2025-01-17,124.76,False,,,,
ord_351,#1351,2025-01-17,103.34,False,bing__323,bing,cpc,bing_search
ord_352,#1352,2025-01-17,41.17,True,,,,
ord_353,#1353,2025-01-17,20.66,False,pin__679,pinterest,cpc,pin_conv
ord_354,#1354,2025-01-17,32.87,False,,,,
ord_355,#1355,2025-01-17,83.99,True,bing__617,bing,cpc,bing_search
ord_356,#1356,2025-01-17,84.21,False,,,,
ord_357,#1357,2025-01-17,105.25,False,bing__565,bing,cpc,bing_search
ord_358,#1358,2025-01-17,47.09,False,,,,
ord_359,#1359,2025-01-17,58.59,False,,,,
ord_360,#1360,2025-01-17,66.16,True,,,,
ord_361,#1361,2025-01-17,107.0,False,,,,
ord_362,#1362,2025-01-18,44.3,True,,,,
ord_363,#1363,2025-01-18,58.36,True,,,,
ord_364,#1364,2025-01-18,17.48,False,bing__85,bing,cpc,bing_shop
ord_365,#1365,2025-01-18,57.34,False,fbclid_450,meta,cpc,meta_br
ord_366,#1366,2025-01-18,59.62,False,bing__118,bing,cpc,bing_search
ord_367,#1367,2025-01-18,163.52,False,,,,
ord_368,#1368,2025-01-18,202.71,False,fbclid_590,meta,cpc,meta_br
ord_369,#1369,2025-01-18,159.79,False,,,,
ord_370,#1370,2025-01-18,98.73,True,,,,
ord_371,#1371,2025-01-18,187.23,False,,,,
ord_372,#1372,2025-01-18,10,False,gclid_211,google,cpc,goog_pmax
ord_373,#1373,2025-01-18,46.18,False,,,,
ord_374,#1374,2025-01-18,51.33,False,,,,
ord_375,#1375,2025-01-18,40.05,True,pin__91,pinterest,cpc,pin_aware
ord_376,#1376,2025-01-18,64.41,True,,,,
ord_377,#1377,2025-01-18,138.38,False,,,,
ord_378,#1378,2025-01-18,139.66,True,,,,
ord_379,#1379,2025-01-18,120.45,False,fbclid_105,meta,cpc,meta_ret
ord_380,#1380,2025-01-18,139.27,False,gclid_516,google,cpc,goog_pmax
ord_381,#1381,2025-01-18,61.86,False,,,,
ord_382,#1382,2025-01-18,126.46,False,gclid_70,google,cpc,goog_search
ord_383,#1383,2025-01-18,21.36,False,gclid_71,google,cpc,goog_pmax
ord_384,#1384,2025-01-18,179.97,False,,,,
ord_385,#1385,2025-01-18,196.64,True,,,,
ord_386,#1386,2025-01-18,47.65,True,,,,
ord_387,#1387,2025-01-18,29.69,False,,,,
ord_388,#1388,2025-01-19,43.78,False,,,,
ord_389,#1389,2025-01-19,41.34,True,fbclid_395,meta,cpc,meta_conv
ord_390,#1390,2025-01-19,51.99,False,,,,
ord_391,#1391,2025-01-19,113.73,True,pin__486,pinterest,cpc,pin_conv
ord_392,#1392,2025-01-19,68.65,False,,,,
ord_393,#1393,2025-01-19,41.98,False,bing__322,bing,cpc,bing_search
ord_394,#1394,2025-01-19,46.73,True,,,,
ord_395,#1395,2025-01-19,33.25,False,,,,
ord_396,#1396,2025-01-19,37.48,True,,,,
ord_397,#1397,2025-01-19,77.08,True,gclid_416,google,cpc,goog_pmax
ord_398,#1398,2025-01-19,124.85,False,gclid_212,google,cpc,goog_pmax
ord_399,#1399,2025-01-19,108.77,False,bing__618,bing,cpc,bing_search
ord_400,#1400,2025-01-19,66.7,True,gclid_218,google,cpc,goog_pmax
ord_401,#1401,2025-01-19,74.5,False,fbclid_839,meta,cpc,meta_conv
ord_402,#1402,2025-01-19,61.09,False,,,,
ord_403,#1403,2025-01-19,64.1,False,,,,
ord_404,#1404,2025-01-19,99.54,True,,,,
ord_405,#1405,2025-01-19,116.3,True,,,,
ord_406,#1406,2025-01-19,152.17,False,,,,
ord_407,#1407,2025-01-19,149.6,False,,,,
ord_408,#1408,2025-01-20,148.62,False,,,,
ord_409,#1409,2025-01-20,46.73,True,,,,
ord_410,#1410,2025-01-20,96.64,True,,,,
ord_411,#1411,2025-01-20,48.41,True,,,,
ord_412,#1412,2025-01-20,75.31,False,,,,
ord_413,#1413,2025-01-20,51.33,False,fbclid_304,meta,cpc,meta_conv
ord_414,#1414,2025-01-20,72.83,False,gclid_418,google,cpc,goog_pmax
ord_415,#1415,2025-01-20,38.61,True,bing__720,bing,cpc,bing_shop
ord_416,#1416,2025-01-20,33.14,True,,,,
ord_417,#1417,2025-01-20,40.17,False,,,,
ord_418,#1418,2025-01-20,48.29,False,,,,
ord_419,#1419,2025-01-20,10,False,,,,
ord_420,#1420,2025-01-20,38.55,False,bing__372,bing,cpc,bing_search
ord_421,#1421,2025-01-20,50.63,True,,,,
ord_422,#1422,2025-01-20,118.56,True,,,,
ord_423,#1423,2025-01-20,126.08,True,pin__89,pinterest,cpc,pin_aware
ord_424,#1424,2025-01-21,49.81,True,,,,
ord_425,#1425,2025-01-21,51.54,False,,,,
ord_426,#1426,2025-01-21,31.16,True,,,,
ord_427,#1427,2025-01-21,147.51,False,,,,
ord_428,#1428,2025-01-21,32.02,False,fbclid_142,meta,cpc,meta_br
ord_429,#1429,2025-01-21,70.85,False,,,,
ord_430,#1430,2025-01-21,18.59,False,,,,
ord_431,#1431,2025-01-21,68.56,True,,,,
ord_432,#1432,2025-01-21,52.73,True,,,,
ord_433,#1433,2025-01-21,33.26,False,,,,
ord_434,#1434,2025-01-21,47.54,False,fbclid_203,meta,cpc,meta_ret
ord_435,#1435,2025-01-21,23.4,False,bing__763,bing,cpc,bing_search
ord_436,#1436,2025-01-21,86.38,True,,,,
ord_437,#1437,2025-01-21,46.5,False,fbclid_933,meta,cpc,meta_br
ord_438,#1438,2025-01-21,18.41,False,,,,
ord_439,#1439,2025-01-22,62.37,True,,,,
ord_440,#1440,2025-01-22,178.4,False,fbclid_101,meta,cpc,meta_br
ord_441,#1441,2025-01-22,56.85,True,,,,
ord_442,#1442,2025-01-22,118.83,False,,,,
ord_443,#1443,2025-01-22,119.8,True,,,,
ord_444,#1444,2025-01-22,26.1,False,,,,
ord_445,#1445,2025-01-22,130.14,False,gclid_413,google,cpc,goog_pmax
ord_446,#1446,2025-01-22,38.9,False,,,,
ord_447,#1447,2025-01-22,182.54,False,,,,
ord_448,#1448,2025-01-22,65.51,False,,,,
ord_449,#1449,2025-01-22,104.14,True,,,,
ord_450,#1450,2025-01-22,186.65,True,bing__915,bing,cpc,bing_search
ord_451,#1451,2025-01-22,29.25,True,,,,
ord_452,#1452,2025-01-22,77.09,False,gclid_30,google,cpc,goog_pmax
ord_453,#1453,2025-01-22,191.62,False,,,,
ord_454,#1454,2025-01-22,71.21,True,,,,
ord_455,#1455,2025-01-22,153.43,True,,,,
ord_456,#1456,2025-01-22,45.95,False,fbclid_8,meta,cpc,meta_conv
ord_457,#1457,2025-01-23,77.97,False,fbclid_257,meta,cpc,meta_ret
ord_458,#1458,2025-01-23,29.32,False,,,,
ord_459,#1459,2025-01-23,183.59,False,,,,
ord_460,#1460,2025-01-23,76.04,False,,,,
ord_461,#1461,2025-01-23,109.6,False,gclid_1049,google,cpc,goog_search
ord_462,#1462,2025-01-23,71.07,True,,,,
ord_463,#1463,2025-01-23,127.7,True,gclid_22,google,cpc,goog_search
ord_464,#1464,2025-01-23,52.68,False,,,,
ord_465,#1465,2025-01-23,17.56,False,,,,
ord_466,#1466,2025-01-23,115.0,False,,,,
ord_467,#1467,2025-01-23,49.66,False,,,,
ord_468,#1468,2025-01-23,41.85,False,,,,
ord_469,#1469,2025-01-23,143.09,False,bing__764,bing,cpc,bing_search
ord_470,#1470,2025-01-23,32.67,False,fbclid_503,meta,cpc,meta_conv
ord_471,#1471,2025-01-23,168.5,True,,,,
ord_472,#1472,2025-01-23,58.54,True,,,,
ord_473,#1473,2025-01-23,118.45,True,pin__94,pinterest,cpc,pin_aware
ord_474,#1474,2025-01-23,67.59,True,,,,
ord_475,#1475,2025-01-24,203.45,False,fbclid_302,meta,cpc,meta_conv
ord_476,#1476,2025-01-24,49.75,False,,,,
ord_477,#1477,2025-01-24,115.85,True,,,,
ord_478,#1478,2025-01-24,56.59,True,,,,
ord_479,#1479,2025-01-24,38.68,False,,,,
ord_480,#1480,2025-01-24,92.49,True,,,,
ord_481,#1481,2025-01-24,49.61,False,fbclid_588,meta,cpc,meta_br
ord_482,#1482,2025-01-24,46.52,True,,,,
ord_483,#1483,2025-01-24,67.42,False,,,,
ord_484,#1484,2025-01-24,22.75,True,,,,
ord_485,#1485,2025-01-24,219.66,False,,,,
ord_486,#1486,2025-01-24,66.44,False,,,,
ord_487,#1487,2025-01-24,34.35,False,,,,
ord_488,#1488,2025-01-24,186.79,True,,,,
ord_489,#1489,2025-01-24,36.68,False,bing__523,bing,cpc,bing_shop
ord_490,#1490,2025-01-24,54.63,True,bing__761,bing,cpc,bing_search
ord_491,#1491,2025-01-24,110.68,False,,,,
ord_492,#1492,2025-01-24,63.14,False,pin__872,pinterest,cpc,pin_aware
ord_493,#1493,2025-01-24,37.85,False,bing__374,bing,cpc,bing_shop
ord_494,#1494,2025-01-24,66.05,False,pin__334,pinterest,cpc,pin_aware
ord_495,#1495,2025-01-24,49.57,False,,,,
ord_496,#1496,2025-01-24,24.11,False,pin__1110,pinterest,cpc,pin_aware
ord_497,#1497,2025-01-24,170.69,True,fbclid_692,meta,cpc,meta_conv
ord_498,#1498,2025-01-24,62.72,False,,,,
ord_499,#1499,2025-01-24,43.89,True,,,,
ord_500,#1500,2025-01-25,47.21,False,,,,
ord_501,#1501,2025-01-25,146.78,False,,,,
ord_502,#1502,2025-01-25,37.87,False,gclid_513,google,cpc,goog_pmax
ord_503,#1503,2025-01-25,71.72,False,pin__677,pinterest,cpc,pin_conv
ord_504,#1504,2025-01-25,107.93,True,,,,
ord_505,#1505,2025-01-25,52.18,True,pin__574,pinterest,cpc,pin_aware
ord_506,#1506,2025-01-25,184.07,False,fbclid_446,meta,cpc,meta_br
ord_507,#1507,2025-01-25,45.14,False,,,,
ord_508,#1508,2025-01-25,30.47,False,,,,
ord_509,#1509,2025-01-25,58.17,True,,,,
ord_510,#1510,2025-01-25,135.5,False,,,,
ord_511,#1511,2025-01-25,35.22,True,pin__1151,pinterest,cpc,pin_aware
ord_512,#1512,2025-01-25,146.68,True,,,,
ord_513,#1513,2025-01-25,115.77,False,,,,
ord_514,#1514,2025-01-25,80.66,False,,,,
ord_515,#1515,2025-01-25,29.6,True,,,,
ord_516,#1516,2025-01-25,12.6,False,bing__867,bing,cpc,bing_shop
ord_517,#1517,2025-01-25,45.38,False,,,,
ord_518,#1518,2025-01-26,35.59,False,pin__1153,pinterest,cpc,pin_aware
ord_519,#1519,2025-01-26,206.41,False,fbclid_938,meta,cpc,meta_br
ord_520,#1520,2025-01-26,41.44,False,,,,
ord_521,#1521,2025-01-26,94.95,False,,,,
ord_522,#1522,2025-01-26,63.02,False,bing__713,bing,cpc,bing_search
ord_523,#1523,2025-01-26,79.89,True,,,,
ord_524,#1524,2025-01-26,36.96,True,,,,
ord_525,#1525,2025-01-26,33.31,True,,,,
ord_526,#1526,2025-01-26,78.06,False,,,,
ord_527,#1527,2025-01-26,44.63,False,gclid_115,google,cpc,goog_pmax
ord_528,#1528,2025-01-26,40.31,False,fbclid_392,meta,cpc,meta_br
ord_529,#1529,2025-01-26,32.78,False,,,,
ord_530,#1530,2025-01-26,18.35,True,,,,
ord_531,#1531,2025-01-26,55.31,True,,,,
ord_532,#1532,2025-01-26,175.52,False,,,,
ord_533,#1533,2025-01-26,120.9,True,,,,
ord_534,#1534,2025-01-26,68.4,True,,,,
ord_535,#1535,2025-01-26,156.92,False,gclid_706,google,cpc,goog_pmax
ord_536,#1536,2025-01-26,50.25,False,,,,
ord_537,#1537,2025-01-26,127.77,True,gclid_807,google,cpc,goog_pmax
ord_538,#1538,2025-01-27,64.59,False,,,,
ord_539,#1539,2025-01-27,95.9,True,,,,
ord_540,#1540,2025-01-27,171.16,False,,,,
ord_541,#1541,2025-01-27,39.22,True,pin__1017,pinterest,cpc,pin_aware
ord_542,#1542,2025-01-27,49.82,False,,,,
ord_543,#1543,2025-01-27,12.09,True,,,,
ord_544,#1544,2025-01-27,16.43,False,gclid_170,google,cpc,goog_pmax
ord_545,#1545,2025-01-27,36.19,False,fbclid_461,meta,cpc,meta_ret
ord_546,#1546,2025-01-27,53.69,False,,,,
ord_547,#1547,2025-01-27,123.26,False,,,,
ord_548,#1548,2025-01-27,191.82,True,,,,
ord_549,#1549,2025-01-27,187.43,False,,,,
ord_550,#1550,2025-01-27,107.2,False,,,,
ord_551,#1551,2025-01-27,83.99,False,pin__676,pinterest,cpc,pin_conv
ord_552,#1552,2025-01-27,125.51,True,fbclid_1165,meta,cpc,meta_br
ord_553,#1553,2025-01-27,27.46,True,gclid_1265,google,cpc,goog_search
ord_554,#1554,2025-01-27,95.52,True,,,,
ord_555,#1555,2025-01-27,178.85,True,,,,
ord_556,#1556,2025-01-27,37.85,False,fbclid_60,meta,cpc,meta_br
ord_557,#1557,2025-01-27,38.78,False,,,,
ord_558,#1558,2025-01-27,15.91,True,gclid_602,google,cpc,goog_search
ord_559,#1559,2025-01-27,45.42,True,,,,
ord_560,#1560,2025-01-27,35.96,False,,,,
ord_561,#1561,2025-01-27,37.18,False,fbclid_339,meta,cpc,meta_br
ord_562,#1562,2025-01-27,32.04,True,,,,
ord_563,#1563,2025-01-27,39.27,True,pin__96,pinterest,cpc,pin_conv
ord_564,#1564,2025-01-27,91.27,False,pin__1278,pinterest,cpc,pin_aware
ord_565,#1565,2025-01-27,81.95,True,fbclid_833,meta,cpc,meta_br
ord_566,#1566,2025-01-27,97.59,True,gclid_1096,google,cpc,goog_search
ord_567,#1567,2025-01-28,61.12,True,pin__47,pinterest,cpc,pin_aware
ord_568,#1568,2025-01-28,84.56,True,,,,
ord_569,#1569,2025-01-28,83.47,False,,,,
ord_570,#1570,2025-01-28,73.87,True,fbclid_496,meta,cpc,meta_br
ord_571,#1571,2025-01-28,51.95,False,,,,
ord_572,#1572,2025-01-28,190.73,False,,,,
ord_573,#1573,2025-01-28,74.33,False,fbclid_935,meta,cpc,meta_br
ord_574,#1574,2025-01-28,59.26,False,fbclid_983,meta,cpc,meta_br
ord_575,#1575,2025-01-28,129.73,False,,,,
ord_576,#1576,2025-01-28,36.83,False,pin__972,pinterest,cpc,pin_aware
ord_577,#1577,2025-01-28,52.07,False,,,,
ord_578,#1578,2025-01-28,70.35,True,,,,
ord_579,#1579,2025-01-28,69.75,False,,,,
ord_580,#1580,2025-01-28,73.91,True,pin__239,pinterest,cpc,pin_conv
ord_581,#1581,2025-01-28,36.59,False,,,,
ord_582,#1582,2025-01-28,21.04,True,,,,
ord_583,#1583,2025-01-28,121.53,False,fbclid_250,meta,cpc,meta_conv
ord_584,#1584,2025-01-29,86.03,False,,,,
ord_585,#1585,2025-01-29,35.92,True,bing__425,bing,cpc,bing_search
ord_586,#1586,2025-01-29,45.84,False,,,,
ord_587,#1587,2025-01-29,150.9,False,gclid_1268,google,cpc,goog_search
ord_588,#1588,2025-01-29,59.66,True,,,,
ord_589,#1589,2025-01-29,45.42,True,,,,
ord_590,#1590,2025-01-29,51.58,False,fbclid_297,meta,cpc,meta_br
ord_591,#1591,2025-01-29,204.17,False,,,,
ord_592,#1592,2025-01-29,58.3,True,,,,
ord_593,#1593,2025-01-29,71.65,False,bing__1232,bing,cpc,bing_shop
ord_594,#1594,2025-01-29,42.26,True,,,,
ord_595,#1595,2025-01-29,10,True,,,,
ord_596,#1596,2025-01-29,82.91,True,,,,
ord_597,#1597,2025-01-29,35.23,False,fbclid_152,meta,cpc,meta_ret
ord_598,#1598,2025-01-29,153.19,True,,,,
ord_599,#1599,2025-01-29,30.84,False,bing__962,bing,cpc,bing_search
ord_600,#1600,2025-01-29,29.5,True,,,,
ord_601,#1601,2025-01-29,60.79,True,fbclid_887,meta,cpc,meta_conv
ord_602,#1602,2025-01-29,62.15,False,,,,
ord_603,#1603,2025-01-30,41.73,False,,,,
ord_604,#1604,2025-01-30,148.03,False,,,,
ord_605,#1605,2025-01-30,24.35,False,bing__761,bing,cpc,bing_search
ord_606,#1606,2025-01-30,57.8,False,,,,
ord_607,#1607,2025-01-30,32.71,False,,,,
ord_608,#1608,2025-01-30,68.28,False,fbclid_58,meta,cpc,meta_br
ord_609,#1609,2025-01-30,113.86,False,,,,
ord_610,#1610,2025-01-30,61.09,False,fbclid_747,meta,cpc,meta_ret
ord_611,#1611,2025-01-30,45.59,False,gclid_557,google,cpc,goog_pmax
ord_612,#1612,2025-01-30,14.26,False,gclid_1048,google,cpc,goog_search
ord_613,#1613,2025-01-30,19.85,False,,,,
ord_614,#1614,2025-01-30,51.58,True,,,,
ord_615,#1615,2025-01-30,64.42,False,fbclid_984,meta,cpc,meta_conv
ord_616,#1616,2025-01-30,24.72,False,,,,
ord_617,#1617,2025-01-30,45.56,False,,,,
ord_618,#1618,2025-01-30,14.05,False,,,,
ord_619,#1619,2025-01-30,66.9,False,,,,
ord_620,#1620,2025-01-30,35.07,True,,,,
ord_621,#1621,2025-01-30,25.69,False,,,,
ord_622,#1622,2025-01-30,173.78,True,fbclid_838,meta,cpc,meta_conv
ord_623,#1623,2025-01-30,113.38,False,,,,
ord_624,#1624,2025-01-30,36.73,False,gclid_1342,google,cpc,goog_search
ord_625,#1625,2025-01-30,39.08,True,,,,
ord_626,#1626,2025-01-31,55.81,False,,,,
ord_627,#1627,2025-01-31,70.54,False,,,,
ord_628,#1628,2025-01-31,71.73,False,bing__1354,bing,cpc,bing_search
ord_629,#1629,2025-01-31,10,True,fbclid_1410,meta,cpc,meta_conv
ord_630,#1630,2025-01-31,39.98,False,,,,
ord_631,#1631,2025-01-31,75.5,False,bing__1063,bing,cpc,bing_shop
ord_632,#1632,2025-01-31,68.5,False,fbclid_294,meta,cpc,meta_br
ord_633,#1633,2025-01-31,48.41,False,,,,
ord_634,#1634,2025-01-31,31.49,False,,,,
ord_635,#1635,2025-01-31,67.56,False,,,,
ord_636,#1636,2025-01-31,20.01,False,gclid_1219,google,cpc,goog_search
ord_637,#1637,2025-01-31,51.75,True,fbclid_1287,meta,cpc,meta_conv
ord_638,#1638,2025-01-31,34.28,False,gclid_849,google,cpc,goog_search
ord_639,#1639,2025-01-31,93.86,True,,,,
ord_640,#1640,2025-01-31,128.18,True,,,,
ord_641,#1641,2025-01-31,33.6,False,,,,
ord_642,#1642,2025-01-31,37.12,False,bing__715,bing,cpc,bing_search
ord_643,#1643,2025-01-31,48.67,False,gclid_26,google,cpc,goog_pmax
ord_644,#1644,2025-01-31,134.11,False,pin__1154,pinterest,cpc,pin_conv
ord_645,#1645,2025-01-31,10,True,,,,
ord_646,#1646,2025-01-31,33.11,False,,,,
ord_647,#1647,2025-01-31,91.53,False,,,,
ord_648,#1648,2025-01-31,32.9,False,fbclid_838,meta,cpc,meta_conv
ord_649,#1649,2025-01-31,14.9,False,,,,
ord_650,#1650,2025-02-01,47.93,False,,,,
ord_651,#1651,2025-02-01,59.84,True,,,,
ord_652,#1652,2025-02-01,38.65,False,gclid_1215,google,cpc,goog_search
ord_653,#1653,2025-02-01,25.91,True,,,,
ord_654,#1654,2025-02-01,30.54,False,,,,
ord_655,#1655,2025-02-01,63.34,True,,,,
ord_656,#1656,2025-02-01,46.41,True,,,,
ord_657,#1657,2025-02-01,73.37,True,,,,
ord_658,#1658,2025-02-01,147.34,False,,,,
ord_659,#1659,2025-02-01,97.26,True,,,,
ord_660,#1660,2025-02-01,38.57,True,,,,
ord_661,#1661,2025-02-01,43.36,False,pin__574,pinterest,cpc,pin_aware
ord_662,#1662,2025-02-01,46.62,False,,,,
ord_663,#1663,2025-02-01,53.17,False,,,,
ord_664,#1664,2025-02-01,30.63,False,,,,
ord_665,#1665,2025-02-01,134.11,True,fbclid_1413,meta,cpc,meta_ret
ord_666,#1666,2025-02-01,207.37,False,,,,
ord_667,#1667,2025-02-01,39.3,True,pin__229,pinterest,cpc,pin_aware
ord_668,#1668,2025-02-01,85.36,False,,,,
ord_669,#1669,2025-02-02,24.3,False,pin__1548,pinterest,cpc,pin_conv
ord_670,#1670,2025-02-02,51.72,True,gclid_414,google,cpc,goog_pmax
ord_671,#1671,2025-02-02,35.15,True,,,,
ord_672,#1672,2025-02-02,94.44,False,,,,
ord_673,#1673,2025-02-02,58.01,False,bing__328,bing,cpc,bing_shop
ord_674,#1674,2025-02-02,22.33,False,,,,
ord_675,#1675,2025-02-02,33.99,False,,,,
ord_676,#1676,2025-02-02,12.37,True,,,,
ord_677,#1677,2025-02-02,27.05,False,fbclid_500,meta,cpc,meta_conv
ord_678,#1678,2025-02-02,10,False,,,,
ord_679,#1679,2025-02-02,117.99,False,,,,
ord_680,#1680,2025-02-02,93.39,False,,,,
ord_681,#1681,2025-02-02,10.58,True,fbclid_1093,meta,cpc,meta_ret
ord_682,#1682,2025-02-02,154.68,False,,,,
ord_683,#1683,2025-02-02,161.4,True,fbclid_353,meta,cpc,meta_ret
ord_684,#1684,2025-02-02,34.52,True,gclid_272,google,cpc,goog_pmax
ord_685,#1685,2025-02-02,48.32,False,pin__1454,pinterest,cpc,pin_conv
ord_686,#1686,2025-02-02,46.71,False,,,,
ord_687,#1687,2025-02-02,49.87,False,pin__975,pinterest,cpc,pin_aware
ord_688,#1688,2025-02-02,53.45,False,,,,
ord_689,#1689,2025-02-02,50.86,False,pin__492,pinterest,cpc,pin_conv
ord_690,#1690,2025-02-02,163.86,True,,,,
ord_691,#1691,2025-02-02,105.38,True,,,,
ord_692,#1692,2025-02-03,60.33,True,fbclid_894,meta,cpc,meta_ret
ord_693,#1693,2025-02-03,10,True,pin__1547,pinterest,cpc,pin_conv
ord_694,#1694,2025-02-03,32.54,False,fbclid_301,meta,cpc,meta_conv
ord_695,#1695,2025-02-03,172.16,False,,,,
ord_696,#1696,2025-02-03,113.84,True,,,,
ord_697,#1697,2025-02-03,26.07,True,,,,
ord_698,#1698,2025-02-03,45.5,False,,,,
ord_699,#1699,2025-02-03,42.36,False,gclid_1267,google,cpc,goog_search
ord_700,#1700,2025-02-03,44.07,False,,,,
ord_701,#1701,2025-02-03,158.27,True,fbclid_1466,meta,cpc,meta_br
ord_702,#1702,2025-02-03,10,False,,,,
ord_703,#1703,2025-02-03,20.67,False,,,,
ord_704,#1704,2025-02-03,167.3,True,,,,
ord_705,#1705,2025-02-03,56.85,False,bing__1315,bing,cpc,bing_shop
ord_706,#1706,2025-02-03,81.69,False,,,,
ord_707,#1707,2025-02-03,52.06,False,,,,
ord_708,#1708,2025-02-03,50.36,False,,,,
ord_709,#1709,2025-02-03,46.08,True,,,,
ord_710,#1710,2025-02-03,96.24,True,pin__190,pinterest,cpc,pin_conv
ord_711,#1711,2025-02-03,21.65,True,,,,
ord_712,#1712,2025-02-03,10,False,pin__233,pinterest,cpc,pin_aware
ord_713,#1713,2025-02-03,129.77,True,,,,
ord_714,#1714,2025-02-03,10,True,fbclid_58,meta,cpc,meta_br
ord_715,#1715,2025-02-03,138.37,False,,,,
ord_716,#1716,2025-02-03,38.11,True,pin__978,pinterest,cpc,pin_conv
ord_717,#1717,2025-02-04,63.21,True,,,,
ord_718,#1718,2025-02-04,19.64,False,,,,
ord_719,#1719,2025-02-04,46.51,True,bing__811,bing,cpc,bing_search
ord_720,#1720,2025-02-04,23.38,False,fbclid_138,meta,cpc,meta_br
ord_721,#1721,2025-02-04,65.87,True,,,,
ord_722,#1722,2025-02-04,46.46,False,,,,
ord_723,#1723,2025-02-04,27.86,False,,,,
ord_724,#1724,2025-02-04,45.53,True,gclid_210,google,cpc,goog_search
ord_725,#1725,2025-02-04,59.62,True,,,,
ord_726,#1726,2025-02-04,33.52,False,,,,
ord_727,#1727,2025-02-04,27.46,False,gclid_1004,google,cpc,goog_pmax
ord_728,#1728,2025-02-04,41.01,False,,,,
ord_729,#1729,2025-02-04,53.15,False,,,,
ord_730,#1730,2025-02-04,141.1,False,pin__244,pinterest,cpc,pin_conv
ord_731,#1731,2025-02-04,156.53,True,bing__969,bing,cpc,bing_shop
ord_732,#1732,2025-02-04,49.98,True,,,,
ord_733,#1733,2025-02-04,77.59,True,pin__1579,pinterest,cpc,pin_aware
ord_734,#1734,2025-02-04,40.41,False,,,,
ord_735,#1735,2025-02-04,51.54,False,bing__1274,bing,cpc,bing_shop
ord_736,#1736,2025-02-04,15.29,False,,,,
ord_737,#1737,2025-02-04,112.81,False,gclid_1473,google,cpc,goog_search
ord_738,#1738,2025-02-04,172.82,True,,,,
ord_739,#1739,2025-02-05,185.56,False,,,,
ord_740,#1740,2025-02-05,10.2,True,,,,
ord_741,#1741,2025-02-05,44.24,False,,,,
ord_742,#1742,2025-02-05,34.86,False,,,,
ord_743,#1743,2025-02-05,115.63,True,,,,
ord_744,#1744,2025-02-05,61.36,True,gclid_71,google,cpc,goog_pmax
ord_745,#1745,2025-02-05,98.6,False,,,,
ord_746,#1746,2025-02-05,173.51,True,gclid_72,google,cpc,goog_pmax
ord_747,#1747,2025-02-05,109.02,False,fbclid_1461,meta,cpc,meta_br
ord_748,#1748,2025-02-05,69.92,False,fbclid_937,meta,cpc,meta_br
ord_749,#1749,2025-02-05,80.36,False,gclid_407,google,cpc,goog_search
ord_750,#1750,2025-02-05,55.49,False,,,,
ord_751,#1751,2025-02-06,107.08,False,fbclid_260,meta,cpc,meta_ret
ord_752,#1752,2025-02-06,47.52,False,,,,
ord_753,#1753,2025-02-06,77.1,False,,,,
ord_754,#1754,2025-02-06,55.87,True,,,,
ord_755,#1755,2025-02-06,141.58,True,,,,
ord_756,#1756,2025-02-06,167.64,False,pin__881,pinterest,cpc,pin_conv
ord_757,#1757,2025-02-06,160.93,True,,,,
ord_758,#1758,2025-02-06,249.34,False,,,,
ord_759,#1759,2025-02-06,137.23,False,,,,
ord_760,#1760,2025-02-06,124.11,True,,,,
ord_761,#1761,2025-02-06,70.32,False,gclid_760,google,cpc,goog_pmax
ord_762,#1762,2025-02-06,61.86,False,fbclid_260,meta,cpc,meta_ret
ord_763,#1763,2025-02-06,34.27,False,pin__1365,pinterest,cpc,pin_aware
ord_764,#1764,2025-02-07,203.42,False,bing__276,bing,cpc,bing_shop
ord_765,#1765,2025-02-07,12.23,False,,,,
ord_766,#1766,2025-02-07,169.88,False,,,,
ord_767,#1767,2025-02-07,28.78,False,,,,
ord_768,#1768,2025-02-07,66.78,True,pin__579,pinterest,cpc,pin_conv
ord_769,#1769,2025-02-07,44.01,True,fbclid_1686,meta,cpc,meta_conv
ord_770,#1770,2025-02-07,43.78,True,,,,
ord_771,#1771,2025-02-07,104.37,False,,,,
ord_772,#1772,2025-02-07,98.72,False,,,,
ord_773,#1773,2025-02-07,57.4,True,gclid_271,google,cpc,goog_pmax
ord_774,#1774,2025-02-07,68.78,True,,,,
ord_775,#1775,2025-02-07,110.75,True,,,,
ord_776,#1776,2025-02-07,115.62,True,gclid_1381,google,cpc,goog_search
ord_777,#1777,2025-02-07,48.82,False,,,,
ord_778,#1778,2025-02-07,39.87,False,fbclid_1688,meta,cpc,meta_conv
ord_779,#1779,2025-02-07,10.99,False,,,,
ord_780,#1780,2025-02-07,39.43,True,gclid_849,google,cpc,goog_search
ord_781,#1781,2025-02-07,80.8,True,pin__930,pinterest,cpc,pin_aware
ord_782,#1782,2025-02-07,155.86,False,,,,
ord_783,#1783,2025-02-08,58.14,False,,,,
ord_784,#1784,2025-02-08,36.11,True,pin__1024,pinterest,cpc,pin_conv
ord_785,#1785,2025-02-08,24.72,True,,,,
ord_786,#1786,2025-02-08,38.62,False,bing__762,bing,cpc,bing_search
ord_787,#1787,2025-02-08,108.83,False,,,,
ord_788,#1788,2025-02-08,52.28,True,gclid_1181,google,cpc,goog_pmax
ord_789,#1789,2025-02-08,71.94,False,fbclid_1636,meta,cpc,meta_br
ord_790,#1790,2025-02-08,43.47,False,,,,
ord_791,#1791,2025-02-08,68.63,True,,,,
ord_792,#1792,2025-02-08,49.46,True,,,,
ord_793,#1793,2025-02-08,130.07,False,,,,
ord_794,#1794,2025-02-08,64.72,False,bing__1007,bing,cpc,bing_search
ord_795,#1795,2025-02-08,71.88,True,,,,
ord_796,#1796,2025-02-08,176.92,False,,,,
ord_797,#1797,2025-02-08,76.87,True,pin__128,pinterest,cpc,pin_aware
ord_798,#1798,2025-02-08,39.15,False,,,,
ord_799,#1799,2025-02-08,24.4,True,,,,
ord_800,#1800,2025-02-08,10,False,fbclid_258,meta,cpc,meta_ret
ord_801,#1801,2025-02-08,124.26,True,gclid_1519,google,cpc,goog_search
ord_802,#1802,2025-02-08,37.83,False,fbclid_1692,meta,cpc,meta_conv
ord_803,#1803,2025-02-08,33.19,True,,,,
ord_804,#1804,2025-02-08,128.71,False,,,,
ord_805,#1805,2025-02-08,42.02,False,,,,
ord_806,#1806,2025-02-09,35.13,False,,,,
ord_807,#1807,2025-02-09,70.8,True,,,,
ord_808,#1808,2025-02-09,101.35,False,fbclid_1689,meta,cpc,meta_conv
ord_809,#1809,2025-02-09,72.4,True,bing__226,bing,cpc,bing_shop
ord_810,#1810,2025-02-09,141.63,True,,,,
ord_811,#1811,2025-02-09,84.1,True,,,,
ord_812,#1812,2025-02-09,36.27,False,fbclid_452,meta,cpc,meta_conv
ord_813,#1813,2025-02-09,55.3,False,,,,
ord_814,#1814,2025-02-09,42.58,True,pin__1152,pinterest,cpc,pin_aware
ord_815,#1815,2025-02-09,26.33,True,,,,
ord_816,#1816,2025-02-09,51.66,False,,,,
ord_817,#1817,2025-02-09,38.98,False,,,,
ord_818,#1818,2025-02-09,103.84,False,,,,
ord_819,#1819,2025-02-09,48.88,True,,,,
ord_820,#1820,2025-02-09,40.08,False,pin__435,pinterest,cpc,pin_aware
ord_821,#1821,2025-02-09,153.1,True,fbclid_193,meta,cpc,meta_conv
ord_822,#1822,2025-02-09,24.58,False,,,,
ord_823,#1823,2025-02-09,38.21,True,,,,
ord_824,#1824,2025-02-09,30.05,True,,,,
ord_825,#1825,2025-02-09,53.67,True,,,,
ord_826,#1826,2025-02-09,26.27,True,,,,
ord_827,#1827,2025-02-09,33.64,True,,,,
ord_828,#1828,2025-02-10,124.89,False,gclid_317,google,cpc,goog_pmax
ord_829,#1829,2025-02-10,52.83,True,pin__535,pinterest,cpc,pin_conv
ord_830,#1830,2025-02-10,30.59,False,,,,
ord_831,#1831,2025-02-10,10,False,,,,
ord_832,#1832,2025-02-10,30.89,True,fbclid_400,meta,cpc,meta_ret
ord_833,#1833,2025-02-10,17.82,True,fbclid_586,meta,cpc,meta_br
ord_834,#1834,2025-02-10,27.77,False,,,,
ord_835,#1835,2025-02-10,61.78,True,fbclid_1378,meta,cpc,meta_ret
ord_836,#1836,2025-02-10,56.94,True,,,,
ord_837,#1837,2025-02-10,124.12,False,,,,
ord_838,#1838,2025-02-10,52.82,False,fbclid_7,meta,cpc,meta_conv
ord_839,#1839,2025-02-10,181.9,False,,,,
ord_840,#1840,2025-02-10,114.54,False,bing__1485,bing,cpc,bing_search
ord_841,#1841,2025-02-10,18.17,False,,,,
ord_842,#1842,2025-02-10,143.54,False,,,,
ord_843,#1843,2025-02-10,23.86,True,pin__1279,pinterest,cpc,pin_aware
ord_844,#1844,2025-02-10,24.32,False,,,,
ord_845,#1845,2025-02-10,24.91,False,,,,
ord_846,#1846,2025-02-10,18.41,False,,,,
ord_847,#1847,2025-02-10,116.81,False,,,,
ord_848,#1848,2025-02-10,111.6,False,,,,
ord_849,#1849,2025-02-10,70.97,True,,,,
ord_850,#1850,2025-02-10,137.89,False,fbclid_1414,meta,cpc,meta_ret
ord_851,#1851,2025-02-10,56.6,True,,,,
ord_852,#1852,2025-02-11,10,True,,,,
ord_853,#1853,2025-02-11,95.45,False,fbclid_1504,meta,cpc,meta_br
ord_854,#1854,2025-02-11,150.14,True,fbclid_688,meta,cpc,meta_conv
ord_855,#1855,2025-02-11,10,False,,,,
ord_856,#1856,2025-02-11,133.61,False,,,,
ord_857,#1857,2025-02-11,167.75,True,bing__1354,bing,cpc,bing_search
ord_858,#1858,2025-02-11,71.46,False,,,,
ord_859,#1859,2025-02-11,43.69,True,,,,
ord_860,#1860,2025-02-11,19.86,True,gclid_655,google,cpc,goog_search
ord_861,#1861,2025-02-11,39.35,False,,,,
ord_862,#1862,2025-02-11,65.84,False,fbclid_399,meta,cpc,meta_ret
ord_863,#1863,2025-02-11,71.91,False,gclid_1427,google,cpc,goog_pmax
ord_864,#1864,2025-02-11,52.74,True,bing__1272,bing,cpc,bing_search
ord_865,#1865,2025-02-11,122.39,False,,,,
ord_866,#1866,2025-02-11,78.44,False,,,,
ord_867,#1867,2025-02-11,177.51,False,,,,
ord_868,#1868,2025-02-11,37.82,False,,,,
ord_869,#1869,2025-02-11,61.47,False,,,,
ord_870,#1870,2025-02-11,52.7,True,fbclid_1920,meta,cpc,meta_br
ord_871,#1871,2025-02-11,186.05,False,,,,
ord_872,#1872,2025-02-11,55.04,True,,,,
ord_873,#1873,2025-02-11,79.8,False,,,,
ord_874,#1874,2025-02-12,40.44,False,,,,
ord_875,#1875,2025-02-12,69.07,True,,,,
ord_876,#1876,2025-02-12,75.36,False,,,,
ord_877,#1877,2025-02-12,19.75,True,pin__132,pinterest,cpc,pin_conv
ord_878,#1878,2025-02-12,39.88,True,,,,
ord_879,#1879,2025-02-12,12.57,True,,,,
ord_880,#1880,2025-02-12,45.52,True,,,,
ord_881,#1881,2025-02-12,33.2,True,,,,
ord_882,#1882,2025-02-12,144.11,True,,,,
ord_883,#1883,2025-02-12,118.02,True,pin__1946,pinterest,cpc,pin_conv
ord_884,#1884,2025-02-12,35.3,False,,,,
ord_885,#1885,2025-02-12,198.02,False,,,,
ord_886,#1886,2025-02-12,77.11,False,,,,
ord_887,#1887,2025-02-12,27.24,False,,,,
ord_888,#1888,2025-02-12,106.55,True,fbclid_1744,meta,cpc,meta_ret
ord_889,#1889,2025-02-12,60.96,True,bing__1310,bing,cpc,bing_search
ord_890,#1890,2025-02-12,83.74,False,,,,
ord_891,#1891,2025-02-12,60.96,False,,,,
ord_892,#1892,2025-02-12,32.65,False,,,,
ord_893,#1893,2025-02-12,54.61,False,,,,
ord_894,#1894,2025-02-13,38.77,True,,,,
ord_895,#1895,2025-02-13,33.75,True,fbclid_1408,meta,cpc,meta_br
ord_896,#1896,2025-02-13,24.3,False,,,,
ord_897,#1897,2025-02-13,78.84,True,,,,
ord_898,#1898,2025-02-13,32.78,True,,,,
ord_899,#1899,2025-02-13,101.06,False,gclid_1758,google,cpc,goog_pmax
ord_900,#1900,2025-02-13,66.79,False,,,,
ord_901,#1901,2025-02-13,54.75,True,pin__124,pinterest,cpc,pin_aware
ord_902,#1902,2025-02-13,23.98,True,,,,
ord_903,#1903,2025-02-13,17.79,False,bing__424,bing,cpc,bing_search
ord_904,#1904,2025-02-13,186.08,False,,,,
ord_905,#1905,2025-02-13,43.8,False,,,,
ord_906,#1906,2025-02-13,36.43,False,pin__126,pinterest,cpc,pin_aware
ord_907,#1907,2025-02-13,59.02,False,,,,
ord_908,#1908,2025-02-13,40.44,False,,,,
ord_909,#1909,2025-02-13,32.82,False,,,,
ord_910,#1910,2025-02-13,40.24,False,bing__1438,bing,cpc,bing_search
ord_911,#1911,2025-02-13,205.36,True,fbclid_647,meta,cpc,meta_ret
ord_912,#1912,2025-02-13,200.45,False,,,,
ord_913,#1913,2025-02-13,27.81,False,,,,
ord_914,#1914,2025-02-13,110.81,True,pin__89,pinterest,cpc,pin_aware
ord_915,#1915,2025-02-13,44.56,True,fbclid_456,meta,cpc,meta_conv
ord_916,#1916,2025-02-13,54.86,True,fbclid_1259,meta,cpc,meta_conv
ord_917,#1917,2025-02-13,57.28,False,fbclid_310,meta,cpc,meta_ret
ord_918,#1918,2025-02-13,41.94,False,fbclid_342,meta,cpc,meta_br
ord_919,#1919,2025-02-13,45.36,False,,,,
ord_920,#1920,2025-02-13,18.44,True,pin__1404,pinterest,cpc,pin_conv
ord_921,#1921,2025-02-13,24.64,True,,,,
ord_922,#1922,2025-02-13,47.03,False,,,,
ord_923,#1923,2025-02-14,183.58,True,,,,
ord_924,#1924,2025-02-14,36.13,False,,,,
ord_925,#1925,2025-02-14,94.59,False,,,,
ord_926,#1926,2025-02-14,63.62,True,,,,
ord_927,#1927,2025-02-14,91.06,True,,,,
ord_928,#1928,2025-02-14,65.97,False,,,,
ord_929,#1929,2025-02-14,35.69,True,,,,
ord_930,#1930,2025-02-14,38.91,False,,,,
ord_931,#1931,2025-02-14,44.6,True,pin__438,pinterest,cpc,pin_conv
ord_932,#1932,2025-02-14,41.09,False,,,,
ord_933,#1933,2025-02-14,65.91,False,pin__828,pinterest,cpc,pin_conv
ord_934,#1934,2025-02-14,109.38,True,gclid_1799,google,cpc,goog_search
ord_935,#1935,2025-02-14,74.16,False,,,,
ord_936,#1936,2025-02-14,10,False,,,,
ord_937,#1937,2025-02-14,135.82,False,,,,
ord_938,#1938,2025-02-14,51.72,True,bing__1975,bing,cpc,bing_search
ord_939,#1939,2025-02-14,49.62,True,,,,
ord_940,#1940,2025-02-14,100.4,False,,,,
ord_941,#1941,2025-02-14,54.73,False,,,,
ord_942,#1942,2025-02-14,45.71,True,,,,
ord_943,#1943,2025-02-14,48.93,True,,,,
ord_944,#1944,2025-02-14,42.06,False,,,,
ord_945,#1945,2025-02-14,30.69,False,,,,
ord_946,#1946,2025-02-15,151.95,True,,,,
ord_947,#1947,2025-02-15,19.68,False,,,,
ord_948,#1948,2025-02-15,122.38,False,pin__439,pinterest,cpc,pin_conv
ord_949,#1949,2025-02-15,43.43,True,,,,
ord_950,#1950,2025-02-15,184.83,True,,,,
ord_951,#1951,2025-02-15,98.37,True,,,,
ord_952,#1952,2025-02-15,21.89,False,,,,
ord_953,#1953,2025-02-15,231.95,False,,,,
ord_954,#1954,2025-02-15,60.13,False,,,,
ord_955,#1955,2025-02-15,47.35,True,pin__1283,pinterest,cpc,pin_conv
ord_956,#1956,2025-02-15,10,True,pin__281,pinterest,cpc,pin_aware
ord_957,#1957,2025-02-15,155.69,False,,,,
ord_958,#1958,2025-02-15,117.81,True,pin__231,pinterest,cpc,pin_aware
ord_959,#1959,2025-02-15,172.36,True,,,,
ord_960,#1960,2025-02-15,129.27,False,gclid_1421,google,cpc,goog_search
ord_961,#1961,2025-02-15,166.01,False,pin__240,pinterest,cpc,pin_conv
ord_962,#1962,2025-02-15,12.74,False,pin__1362,pinterest,cpc,pin_aware
ord_963,#1963,2025-02-15,89.02,True,,,,
ord_964,#1964,2025-02-15,102.23,False,fbclid_1328,meta,cpc,meta_br
ord_965,#1965,2025-02-15,39.82,False,,,,
ord_966,#1966,2025-02-16,38.4,False,pin__1820,pinterest,cpc,pin_conv
ord_967,#1967,2025-02-16,135.21,False,,,,
ord_968,#1968,2025-02-16,38.27,False,,,,
ord_969,#1969,2025-02-16,38.66,False,,,,
ord_970,#1970,2025-02-16,76.52,False,,,,
ord_971,#1971,2025-02-16,126.1,True,,,,
ord_972,#1972,2025-02-16,17.34,True,fbclid_101,meta,cpc,meta_br
ord_973,#1973,2025-02-16,48.25,False,,,,
ord_974,#1974,2025-02-16,78.54,False,gclid_1425,google,cpc,goog_search
ord_975,#1975,2025-02-16,171.59,True,,,,
ord_976,#1976,2025-02-16,38.87,True,,,,
ord_977,#1977,2025-02-16,35.65,True,bing__625,bing,cpc,bing_shop
ord_978,#1978,2025-02-16,130.05,False,,,,
ord_979,#1979,2025-02-16,75.41,False,bing__1768,bing,cpc,bing_shop
ord_980,#1980,2025-02-16,81.17,True,,,,
ord_981,#1981,2025-02-16,85.29,True,pin__41,pinterest,cpc,pin_aware
ord_982,#1982,2025-02-16,48.46,True,,,,
ord_983,#1983,2025-02-16,189.39,True,,,,
ord_984,#1984,2025-02-16,69.34,True,pin__91,pinterest,cpc,pin_aware
ord_985,#1985,2025-02-17,41.68,False,,,,
ord_986,#1986,2025-02-17,57.73,True,gclid_553,google,cpc,goog_search
ord_987,#1987,2025-02-17,111.13,False,fbclid_67,meta,cpc,meta_ret
ord_988,#1988,2025-02-17,75.31,False,fbclid_2008,meta,cpc,meta_conv
ord_989,#1989,2025-02-17,47.26,False,gclid_755,google,cpc,goog_search
ord_990,#1990,2025-02-17,96.42,False,,,,
ord_991,#1991,2025-02-17,223.29,False,fbclid_453,meta,cpc,meta_conv
ord_992,#1992,2025-02-17,118.5,True,,,,
ord_993,#1993,2025-02-17,10,True,pin__1861,pinterest,cpc,pin_conv
ord_994,#1994,2025-02-17,12.84,False,,,,
ord_995,#1995,2025-02-17,78.66,False,,,,
ord_996,#1996,2025-02-17,149.26,False,bing__275,bing,cpc,bing_search
ord_997,#1997,2025-02-17,97.28,True,,,,
ord_998,#1998,2025-02-17,100.0,True,,,,
ord_999,#1999,2025-02-17,39.3,False,,,,
ord_1000,#2000,2025-02-17,21.25,False,,,,
ord_1001,#2001,2025-02-17,99.93,False,,,,
ord_1002,#2002,2025-02-17,33.99,True,,,,
ord_1003,#2003,2025-02-17,66.17,True,gclid_263,google,cpc,goog_search
ord_1004,#2004,2025-02-17,77.1,True,,,,
ord_1005,#2005,2025-02-17,29.74,False,,,,
ord_1006,#2006,2025-02-17,83.66,True,,,,
ord_1007,#2007,2025-02-17,47.93,True,bing__1534,bing,cpc,bing_search
ord_1008,#2008,2025-02-17,73.65,True,fbclid_687,meta,cpc,meta_conv
ord_1009,#2009,2025-02-17,28.95,True,,,,
ord_1010,#2010,2025-02-17,64.34,False,,,,
ord_1011,#2011,2025-02-17,144.8,True,,,,
ord_1012,#2012,2025-02-17,183.38,False,fbclid_951,meta,cpc,meta_ret
ord_1013,#2013,2025-02-17,130.51,False,,,,
ord_1014,#2014,2025-02-17,70.25,False,,,,
ord_1015,#2015,2025-02-18,33.66,True,,,,
ord_1016,#2016,2025-02-18,10.05,False,,,,
ord_1017,#2017,2025-02-18,41.51,False,gclid_612,google,cpc,goog_pmax
ord_1018,#2018,2025-02-18,108.98,False,,,,
ord_1019,#2019,2025-02-18,32.01,False,fbclid_2187,meta,cpc,meta_br
ord_1020,#2020,2025-02-18,34.86,True,,,,
ord_1021,#2021,2025-02-18,80.67,False,,,,
ord_1022,#2022,2025-02-18,22.87,True,pin__1065,pinterest,cpc,pin_aware
ord_1023,#2023,2025-02-18,86.36,False,,,,
ord_1024,#2024,2025-02-18,153.53,True,,,,
ord_1025,#2025,2025-02-18,43.32,True,,,,
ord_1026,#2026,2025-02-18,51.98,True,,,,
ord_1027,#2027,2025-02-18,39.57,False,,,,
ord_1028,#2028,2025-02-18,91.54,True,bing__1980,bing,cpc,bing_shop
ord_1029,#2029,2025-02-18,66.72,True,,,,
ord_1030,#2030,2025-02-18,58.08,True,gclid_1615,google,cpc,goog_pmax
ord_1031,#2031,2025-02-18,29.12,True,,,,
ord_1032,#2032,2025-02-18,143.24,False,,,,
ord_1033,#2033,2025-02-19,10,False,,,,
ord_1034,#2034,2025-02-19,48.25,True,bing__473,bing,cpc,bing_search
ord_1035,#2035,2025-02-19,15.73,False,,,,
ord_1036,#2036,2025-02-19,173.71,False,,,,
ord_1037,#2037,2025-02-19,95.66,False,,,,
ord_1038,#2038,2025-02-19,220.25,True,,,,
ord_1039,#2039,2025-02-19,137.16,False,,,,
ord_1040,#2040,2025-02-19,58.5,False,fbclid_1687,meta,cpc,meta_conv
ord_1041,#2041,2025-02-19,58.95,False,bing__1898,bing,cpc,bing_search
ord_1042,#2042,2025-02-19,40.04,False,,,,
ord_1043,#2043,2025-02-19,131.91,False,,,,
ord_1044,#2044,2025-02-19,177.09,True,gclid_2287,google,cpc,goog_pmax
ord_1045,#2045,2025-02-19,51.95,True,pin__1908,pinterest,cpc,pin_aware
ord_1046,#2046,2025-02-19,149.32,False,gclid_1215,google,cpc,goog_search
ord_1047,#2047,2025-02-19,54.85,False,pin__2216,pinterest,cpc,pin_aware
ord_1048,#2048,2025-02-19,45.67,True,,,,
ord_1049,#2049,2025-02-19,55.46,False,,,,
ord_1050,#2050,2025-02-19,41.6,True,fbclid_891,meta,cpc,meta_conv
ord_1051,#2051,2025-02-19,38.78,False,,,,
ord_1052,#2052,2025-02-19,50.09,True,pin__132,pinterest,cpc,pin_conv
ord_1053,#2053,2025-02-20,195.5,False,,,,
ord_1054,#2054,2025-02-20,159.7,True,fbclid_4,meta,cpc,meta_br
ord_1055,#2055,2025-02-20,90.0,False,,,,
ord_1056,#2056,2025-02-20,45.63,False,,,,
ord_1057,#2057,2025-02-20,53.73,True,,,,
ord_1058,#2058,2025-02-20,71.38,False,fbclid_496,meta,cpc,meta_br
ord_1059,#2059,2025-02-20,20.93,True,pin__1674,pinterest,cpc,pin_aware
ord_1060,#2060,2025-02-20,51.65,False,fbclid_638,meta,cpc,meta_br
ord_1061,#2061,2025-02-20,69.08,True,,,,
ord_1062,#2062,2025-02-20,28.0,True,,,,
ord_1063,#2063,2025-02-20,155.53,True,gclid_658,google,cpc,goog_pmax
ord_1064,#2064,2025-02-20,10,True,,,,
ord_1065,#2065,2025-02-20,36.86,False,bing__328,bing,cpc,bing_shop
ord_1066,#2066,2025-02-20,31.5,False,,,,
ord_1067,#2067,2025-02-20,30.46,True,,,,
ord_1068,#2068,2025-02-20,193.38,True,bing__1760,bing,cpc,bing_search
ord_1069,#2069,2025-02-20,40.92,False,pin__1777,pinterest,cpc,pin_conv
ord_1070,#2070,2025-02-20,127.55,False,bing__2214,bing,cpc,bing_shop
ord_1071,#2071,2025-02-20,188.8,False,pin__1151,pinterest,cpc,pin_aware
ord_1072,#2072,2025-02-20,52.83,True,,,,
ord_1073,#2073,2025-02-20,56.02,False,,,,
ord_1074,#2074,2025-02-20,39.95,False,,,,
ord_1075,#2075,2025-02-21,95.35,True,,,,
ord_1076,#2076,2025-02-21,31.77,True,,,,
ord_1077,#2077,2025-02-21,100.77,False,,,,
ord_1078,#2078,2025-02-21,87.48,True,pin__1365,pinterest,cpc,pin_aware
ord_1079,#2079,2025-02-21,50.21,True,,,,
ord_1080,#2080,2025-02-21,39.44,True,bing__1767,bing,cpc,bing_shop
ord_1081,#2081,2025-02-21,153.4,True,,,,
ord_1082,#2082,2025-02-21,38.9,False,pin__577,pinterest,cpc,pin_aware
ord_1083,#2083,2025-02-21,40.19,False,bing__2346,bing,cpc,bing_shop
ord_1084,#2084,2025-02-21,66.28,False,,,,
ord_1085,#2085,2025-02-21,22.86,False,,,,
ord_1086,#2086,2025-02-21,141.36,False,pin__1189,pinterest,cpc,pin_aware
ord_1087,#2087,2025-02-21,126.28,False,fbclid_2153,meta,cpc,meta_ret
ord_1088,#2088,2025-02-21,10,False,,,,
ord_1089,#2089,2025-02-21,38.92,True,,,,
ord_1090,#2090,2025-02-21,40.22,True,pin__1548,pinterest,cpc,pin_conv
ord_1091,#2091,2025-02-21,10,False,,,,
ord_1092,#2092,2025-02-21,47.45,False,,,,
ord_1093,#2093,2025-02-21,40.27,False,,,,
ord_1094,#2094,2025-02-21,48.05,True,,,,
ord_1095,#2095,2025-02-21,72.36,False,,,,
ord_1096,#2096,2025-02-21,78.44,False,,,,
ord_1097,#2097,2025-02-21,116.65,True,,,,
ord_1098,#2098,2025-02-22,85.52,False,fbclid_1378,meta,cpc,meta_ret
ord_1099,#2099,2025-02-22,17.32,False,,,,
ord_1100,#2100,2025-02-22,205.59,False,,,,
ord_1101,#2101,2025-02-22,47.66,False,,,,
ord_1102,#2102,2025-02-22,52.86,False,bing__965,bing,cpc,bing_search
ord_1103,#2103,2025-02-22,168.61,False,,,,
ord_1104,#2104,2025-02-22,10.25,False,bing__1900,bing,cpc,bing_shop
ord_1105,#2105,2025-02-22,173.91,True,gclid_2200,google,cpc,goog_pmax
ord_1106,#2106,2025-02-22,85.61,False,,,,
ord_1107,#2107,2025-02-22,55.27,True,,,,
ord_1108,#2108,2025-02-22,26.65,True,,,,
ord_1109,#2109,2025-02-22,52.93,True,bing__367,bing,cpc,bing_search
ord_1110,#2110,2025-02-22,48.12,False,,,,
ord_1111,#2111,2025-02-22,58.03,False,,,,
ord_1112,#2112,2025-02-22,53.22,False,gclid_269,google,cpc,goog_pmax
ord_1113,#2113,2025-02-22,40.0,True,bing__762,bing,cpc,bing_search
ord_1114,#2114,2025-02-22,45.18,True,,,,
ord_1115,#2115,2025-02-22,113.1,False,bing__665,bing,cpc,bing_search
ord_1116,#2116,2025-02-22,76.98,False,bing__1490,bing,cpc,bing_shop
ord_1117,#2117,2025-02-22,162.66,False,gclid_2021,google,cpc,goog_search
ord_1118,#2118,2025-02-23,119.68,False,,,,
ord_1119,#2119,2025-02-23,33.93,True,,,,
ord_1120,#2120,2025-02-23,155.2,False,,,,
ord_1121,#2121,2025-02-23,12.66,True,,,,
ord_1122,#2122,2025-02-23,59.77,True,,,,
ord_1123,#2123,2025-02-23,69.0,True,,,,
ord_1124,#2124,2025-02-23,128.01,False,fbclid_1122,meta,cpc,meta_conv
ord_1125,#2125,2025-02-23,113.3,True,,,,
ord_1126,#2126,2025-02-23,45.03,False,bing__1448,bing,cpc,bing_shop
ord_1127,#2127,2025-02-23,187.39,True,bing__478,bing,cpc,bing_shop
ord_1128,#2128,2025-02-23,74.33,False,,,,
ord_1129,#2129,2025-02-23,36.46,False,,,,
ord_1130,#2130,2025-02-23,120.28,False,,,,
ord_1131,#2131,2025-02-23,58.02,True,pin__1991,pinterest,cpc,pin_aware
ord_1132,#2132,2025-02-23,47.79,False,,,,
ord_1133,#2133,2025-02-23,83.94,False,pin__822,pinterest,cpc,pin_aware
ord_1134,#2134,2025-02-23,26.37,False,bing__426,bing,cpc,bing_shop
ord_1135,#2135,2025-02-23,31.02,True,pin__1730,pinterest,cpc,pin_conv
ord_1136,#2136,2025-02-23,124.5,True,pin__2131,pinterest,cpc,pin_aware
ord_1137,#2137,2025-02-23,67.24,False,,,,
ord_1138,#2138,2025-02-23,168.52,True,fbclid_252,meta,cpc,meta_conv
ord_1139,#2139,2025-02-23,42.22,False,fbclid_1128,meta,cpc,meta_ret
ord_1140,#2140,2025-02-23,10,False,,,,
ord_1141,#2141,2025-02-23,67.92,False,,,,
ord_1142,#2142,2025-02-23,54.39,True,,,,
ord_1143,#2143,2025-02-24,62.02,True,,,,
ord_1144,#2144,2025-02-24,34.16,False,,,,
ord_1145,#2145,2025-02-24,47.74,False,,,,
ord_1146,#2146,2025-02-24,26.77,False,,,,
ord_1147,#2147,2025-02-24,14.01,False,pin__2538,pinterest,cpc,pin_conv
ord_1148,#2148,2025-02-24,35.53,True,,,,
ord_1149,#2149,2025-02-24,34.77,False,fbclid_2097,meta,cpc,meta_ret
ord_1150,#2150,2025-02-24,152.72,False,,,,
ord_1151,#2151,2025-02-24,105.7,False,,,,
ord_1152,#2152,2025-02-24,62.53,True,bing__1224,bing,cpc,bing_search
ord_1153,#2153,2025-02-24,10,False,bing__1228,bing,cpc,bing_search
ord_1154,#2154,2025-02-24,42.63,False,,,,
ord_1155,#2155,2025-02-24,28.88,True,pin__2353,pinterest,cpc,pin_aware
ord_1156,#2156,2025-02-24,230.08,True,,,,
ord_1157,#2157,2025-02-24,60.58,False,,,,
ord_1158,#2158,2025-02-24,142.59,True,,,,
ord_1159,#2159,2025-02-24,79.98,False,fbclid_2325,meta,cpc,meta_conv
ord_1160,#2160,2025-02-24,74.99,True,bing__1104,bing,cpc,bing_search
ord_1161,#2161,2025-02-24,41.73,True,,,,
ord_1162,#2162,2025-02-24,10,False,,,,
ord_1163,#2163,2025-02-25,46.33,False,,,,
ord_1164,#2164,2025-02-25,177.81,True,,,,
ord_1165,#2165,2025-02-25,72.86,False,,,,
ord_1166,#2166,2025-02-25,15.89,False,,,,
ord_1167,#2167,2025-02-25,65.13,False,,,,
ord_1168,#2168,2025-02-25,56.5,False,,,,
ord_1169,#2169,2025-02-25,43.96,True,,,,
ord_1170,#2170,2025-02-25,31.11,False,,,,
ord_1171,#2171,2025-02-25,85.34,False,fbclid_2411,meta,cpc,meta_br
ord_1172,#2172,2025-02-25,62.01,False,,,,
ord_1173,#2173,2025-02-25,80.07,False,,,,
ord_1174,#2174,2025-02-25,157.24,False,fbclid_1954,meta,cpc,meta_conv
ord_1175,#2175,2025-02-25,34.77,False,,,,
ord_1176,#2176,2025-02-25,37.65,True,fbclid_499,meta,cpc,meta_conv
ord_1177,#2177,2025-02-25,48.18,False,,,,
ord_1178,#2178,2025-02-25,40.71,False,,,,
ord_1179,#2179,2025-02-25,162.28,False,,,,
ord_1180,#2180,2025-02-26,90.69,False,,,,
ord_1181,#2181,2025-02-26,26.74,False,,,,
ord_1182,#2182,2025-02-26,47.28,False,fbclid_594,meta,cpc,meta_conv
ord_1183,#2183,2025-02-26,53.84,False,,,,
ord_1184,#2184,2025-02-26,129.99,True,,,,
ord_1185,#2185,2025-02-26,63.44,True,,,,
ord_1186,#2186,2025-02-26,103.13,True,,,,
ord_1187,#2187,2025-02-26,132.25,False,gclid_2159,google,cpc,goog_search
ord_1188,#2188,2025-02-26,109.27,True,,,,
ord_1189,#2189,2025-02-26,89.1,False,,,,
ord_1190,#2190,2025-02-26,66.3,True,,,,
ord_1191,#2191,2025-02-26,43.99,True,bing__1660,bing,cpc,bing_search
ord_1192,#2192,2025-02-26,32.91,True,gclid_2555,google,cpc,goog_search
ord_1193,#2193,2025-02-26,30.36,True,,,,
ord_1194,#2194,2025-02-26,78.36,True,,,,
ord_1195,#2195,2025-02-26,93.93,False,,,,
ord_1196,#2196,2025-02-26,29.83,True,fbclid_293,meta,cpc,meta_br
ord_1197,#2197,2025-02-26,66.19,False,,,,
ord_1198,#2198,2025-02-26,42.13,False,,,,
ord_1199,#2199,2025-02-26,10,False,pin__44,pinterest,cpc,pin_aware
ord_1200,#2200,2025-02-27,44.01,True,,,,
ord_1201,#2201,2025-02-27,36.67,False,gclid_1804,google,cpc,goog_pmax
ord_1202,#2202,2025-02-27,10,True,,,,
ord_1203,#2203,2025-02-27,79.83,False,,,,
ord_1204,#2204,2025-02-27,119.44,False,fbclid_2498,meta,cpc,meta_br
ord_1205,#2205,2025-02-27,83.95,True,gclid_2157,google,cpc,goog_search
ord_1206,#2206,2025-02-27,144.0,True,bing__2205,bing,cpc,bing_search
ord_1207,#2207,2025-02-27,10,False,,,,
ord_1208,#2208,2025-02-27,46.83,False,,,,
ord_1209,#2209,2025-02-27,86.85,False,,,,
ord_1210,#2210,2025-02-27,118.66,False,,,,
ord_1211,#2211,2025-02-27,95.58,True,,,,
ord_1212,#2212,2025-02-27,40.45,False,,,,
ord_1213,#2213,2025-02-27,23.84,False,,,,
ord_1214,#2214,2025-02-27,76.69,False,gclid_214,google,cpc,goog_pmax
ord_1215,#2215,2025-02-27,10,False,,,,
ord_1216,#2216,2025-02-27,40.76,True,,,,
ord_1217,#2217,2025-02-27,11.92,True,gclid_900,google,cpc,goog_search
ord_1218,#2218,2025-02-28,43.05,True,gclid_1932,google,cpc,goog_search
ord_1219,#2219,2025-02-28,55.33,True,,,,
ord_1220,#2220,2025-02-28,73.24,False,fbclid_1080,meta,cpc,meta_br
ord_1221,#2221,2025-02-28,46.38,False,fbclid_1074,meta,cpc,meta_br
ord_1222,#2222,2025-02-28,36.59,False,bing__370,bing,cpc,bing_search
ord_1223,#2223,2025-02-28,45.42,False,gclid_1431,google,cpc,goog_pmax
ord_1224,#2224,2025-02-28,17.18,False,pin__1367,pinterest,cpc,pin_conv
ord_1225,#2225,2025-02-28,199.38,True,,,,
ord_1226,#2226,2025-02-28,19.37,True,fbclid_106,meta,cpc,meta_ret
ord_1227,#2227,2025-02-28,76.28,False,,,,
ord_1228,#2228,2025-02-28,52.2,False,pin__1280,pinterest,cpc,pin_aware
ord_1229,#2229,2025-02-28,66.69,False,,,,
ord_1230,#2230,2025-02-28,48.73,False,,,,
ord_1231,#2231,2025-02-28,17.1,True,fbclid_291,meta,cpc,meta_br
ord_1232,#2232,2025-02-28,43.15,False,gclid_2475,google,cpc,goog_pmax
ord_1233,#2233,2025-02-28,47.75,False,gclid_1424,google,cpc,goog_search
ord_1234,#2234,2025-02-28,63.38,False,,,,
ord_1235,#2235,2025-02-28,55.5,True,pin__824,pinterest,cpc,pin_aware
ord_1236,#2236,2025-02-28,50.71,False,,,,
ord_1237,#2237,2025-03-01,88.39,False,,,,
ord_1238,#2238,2025-03-01,119.54,True,gclid_115,google,cpc,goog_pmax
ord_1239,#2239,2025-03-01,167.56,False,gclid_161,google,cpc,goog_search
ord_1240,#2240,2025-03-01,35.92,True,,,,
ord_1241,#2241,2025-03-01,33.23,False,,,,
ord_1242,#2242,2025-03-01,64.58,True,pin__1119,pinterest,cpc,pin_conv
ord_1243,#2243,2025-03-01,42.35,True,bing__2207,bing,cpc,bing_search
ord_1244,#2244,2025-03-01,50.65,False,,,,
ord_1245,#2245,2025-03-01,64.38,True,pin__332,pinterest,cpc,pin_aware
ord_1246,#2246,2025-03-01,89.66,False,,,,
ord_1247,#2247,2025-03-01,43.96,False,,,,
ord_1248,#2248,2025-03-01,26.09,False,fbclid_1167,meta,cpc,meta_conv
ord_1249,#2249,2025-03-01,176.21,True,,,,
ord_1250,#2250,2025-03-01,180.22,False,bing__2112,bing,cpc,bing_search
ord_1251,#2251,2025-03-01,176.05,True,,,,
ord_1252,#2252,2025-03-01,148.51,True,,,,
ord_1253,#2253,2025-03-01,54.06,True,,,,
ord_1254,#2254,2025-03-01,179.04,False,,,,
ord_1255,#2255,2025-03-01,44.65,False,pin__1282,pinterest,cpc,pin_conv
ord_1256,#2256,2025-03-02,109.49,False,,,,
ord_1257,#2257,2025-03-02,44.9,True,,,,
ord_1258,#2258,2025-03-02,91.59,True,,,,
ord_1259,#2259,2025-03-02,42.92,False,bing__2254,bing,cpc,bing_search
ord_1260,#2260,2025-03-02,48.71,True,pin__530,pinterest,cpc,pin_aware
ord_1261,#2261,2025-03-02,25.1,False,,,,
ord_1262,#2262,2025-03-02,44.63,False,gclid_699,google,cpc,goog_search
ord_1263,#2263,2025-03-02,141.67,False,pin__132,pinterest,cpc,pin_conv
ord_1264,#2264,2025-03-02,55.99,False,,,,
ord_1265,#2265,2025-03-02,47.75,False,,,,
ord_1266,#2266,2025-03-02,56.01,True,gclid_1801,google,cpc,goog_search
ord_1267,#2267,2025-03-02,22.85,False,,,,
ord_1268,#2268,2025-03-02,73.56,True,,,,
ord_1269,#2269,2025-03-02,199.58,True,,,,
ord_1270,#2270,2025-03-02,112.87,True,,,,
ord_1271,#2271,2025-03-02,157.78,False,,,,
ord_1272,#2272,2025-03-02,74.25,True,,,,
ord_1273,#2273,2025-03-02,10,True,,,,
ord_1274,#2274,2025-03-02,53.05,False,,,,
ord_1275,#2275,2025-03-02,72.02,False,,,,
ord_1276,#2276,2025-03-02,21.79,False,,,,
ord_1277,#2277,2025-03-02,48.08,False,,,,
ord_1278,#2278,2025-03-02,41.55,False,,,,
ord_1279,#2279,2025-03-02,162.22,True,gclid_1299,google,cpc,goog_search
ord_1280,#2280,2025-03-02,32.57,False,fbclid_2222,meta,cpc,meta_br
ord_1281,#2281,2025-03-03,112.64,False,,,,
ord_1282,#2282,2025-03-03,127.1,True,gclid_262,google,cpc,goog_search
ord_1283,#2283,2025-03-03,42.7,False,,,,
ord_1284,#2284,2025-03-03,42.63,False,fbclid_2089,meta,cpc,meta_br
ord_1285,#2285,2025-03-03,19.47,False,gclid_1059,google,cpc,goog_pmax
ord_1286,#2286,2025-03-03,48.16,True,,,,
ord_1287,#2287,2025-03-03,186.8,True,bing__1528,bing,cpc,bing_search
ord_1288,#2288,2025-03-03,71.08,False,gclid_1308,google,cpc,goog_pmax
ord_1289,#2289,2025-03-03,36.98,False,,,,
ord_1290,#2290,2025-03-03,90.36,False,fbclid_501,meta,cpc,meta_conv
ord_1291,#2291,2025-03-03,60.67,True,fbclid_1125,meta,cpc,meta_conv
ord_1292,#2292,2025-03-03,109.01,False,gclid_1570,google,cpc,goog_search
ord_1293,#2293,2025-03-03,40.1,False,gclid_2428,google,cpc,goog_search
ord_1294,#2294,2025-03-03,34.69,True,,,,
ord_1295,#2295,2025-03-03,203.24,False,fbclid_10,meta,cpc,meta_conv
ord_1296,#2296,2025-03-03,82.66,True,bing__1355,bing,cpc,bing_search
ord_1297,#2297,2025-03-03,160.01,False,fbclid_988,meta,cpc,meta_conv
ord_1298,#2298,2025-03-03,58.78,True,bing__1314,bing,cpc,bing_shop
ord_1299,#2299,2025-03-03,43.86,True,,,,
ord_1300,#2300,2025-03-03,165.71,True,,,,
ord_1301,#2301,2025-03-04,45.45,False,,,,
ord_1302,#2302,2025-03-04,21.84,False,,,,
ord_1303,#2303,2025-03-04,150.97,True,fbclid_2494,meta,cpc,meta_br
ord_1304,#2304,2025-03-04,34.43,True,,,,
ord_1305,#2305,2025-03-04,46.75,False,,,,
ord_1306,#2306,2025-03-04,10,False,,,,
ord_1307,#2307,2025-03-04,54.36,True,fbclid_2195,meta,cpc,meta_ret
ord_1308,#2308,2025-03-04,41.29,False,,,,
ord_1309,#2309,2025-03-04,34.52,True,fbclid_1736,meta,cpc,meta_br
ord_1310,#2310,2025-03-04,35.25,True,fbclid_736,meta,cpc,meta_br
ord_1311,#2311,2025-03-04,38.47,False,,,,
ord_1312,#2312,2025-03-04,93.02,False,,,,
ord_1313,#2313,2025-03-04,47.08,False,,,,
ord_1314,#2314,2025-03-04,144.2,True,,,,
ord_1315,#2315,2025-03-04,122.01,True,bing__1230,bing,cpc,bing_search
ord_1316,#2316,2025-03-04,165.21,False,,,,
ord_1317,#2317,2025-03-04,27.14,False,,,,
ord_1318,#2318,2025-03-05,89.83,False,bing__1309,bing,cpc,bing_search
ord_1319,#2319,2025-03-05,126.18,False,,,,
ord_1320,#2320,2025-03-05,151.25,False,,,,
ord_1321,#2321,2025-03-05,21.45,True,,,,
ord_1322,#2322,2025-03-05,47.1,True,gclid_468,google,cpc,goog_pmax
ord_1323,#2323,2025-03-05,126.8,True,,,,
ord_1324,#2324,2025-03-05,41.08,False,,,,
ord_1325,#2325,2025-03-05,17.97,True,pin__281,pinterest,cpc,pin_aware
ord_1326,#2326,2025-03-05,97.24,False,gclid_558,google,cpc,goog_pmax
ord_1327,#2327,2025-03-05,34.88,True,pin__2362,pinterest,cpc,pin_conv
ord_1328,#2328,2025-03-05,57.77,True,,,,
ord_1329,#2329,2025-03-05,63.84,False,,,,
ord_1330,#2330,2025-03-05,30.67,False,,,,
ord_1331,#2331,2025-03-05,148.83,False,pin__584,pinterest,cpc,pin_conv
ord_1332,#2332,2025-03-05,47.76,True,,,,
ord_1333,#2333,2025-03-05,32.56,False,,,,
ord_1334,#2334,2025-03-05,10,False,,,,
ord_1335,#2335,2025-03-05,56.26,False,,,,
ord_1336,#2336,2025-03-05,57.17,False,,,,
ord_1337,#2337,2025-03-05,72.32,False,,,,
ord_1338,#2338,2025-03-05,118.72,True,pin__1859,pinterest,cpc,pin_conv
ord_1339,#2339,2025-03-05,151.15,False,,,,
ord_1340,#2340,2025-03-05,10,True,gclid_2164,google,cpc,goog_pmax
ord_1341,#2341,2025-03-06,136.71,True,,,,
ord_1342,#2342,2025-03-06,65.71,True,fbclid_2842,meta,cpc,meta_br
ord_1343,#2343,2025-03-06,24.71,True,,,,
ord_1344,#2344,2025-03-06,97.22,False,,,,
ord_1345,#2345,2025-03-06,25.45,True,,,,
ord_1346,#2346,2025-03-06,89.19,True,,,,
ord_1347,#2347,2025-03-06,10,False,,,,
ord_1348,#2348,2025-03-06,50.32,True,,,,
ord_1349,#2349,2025-03-06,139.47,True,,,,
ord_1350,#2350,2025-03-06,87.26,False,,,,
ord_1351,#2351,2025-03-06,63.28,True,bing__2343,bing,cpc,bing_search
ord_1352,#2352,2025-03-06,36.71,False,,,,
ord_1353,#2353,2025-03-06,158.45,False,bing__225,bing,cpc,bing_shop
ord_1354,#2354,2025-03-06,16.91,True,fbclid_2225,meta,cpc,meta_br
ord_1355,#2355,2025-03-06,133.41,True,,,,
ord_1356,#2356,2025-03-06,82.95,False,,,,
ord_1357,#2357,2025-03-06,58.41,False,gclid_409,google,cpc,goog_search
ord_1358,#2358,2025-03-06,35.56,False,,,,
ord_1359,#2359,2025-03-06,195.3,True,,,,
ord_1360,#2360,2025-03-06,59.91,False,pin__2075,pinterest,cpc,pin_aware
ord_1361,#2361,2025-03-06,34.4,False,,,,
ord_1362,#2362,2025-03-06,18.2,False,,,,
ord_1363,#2363,2025-03-07,55.45,False,,,,
ord_1364,#2364,2025-03-07,36.76,False,,,,
ord_1365,#2365,2025-03-07,157.0,True,,,,
ord_1366,#2366,2025-03-07,47.64,False,gclid_2426,google,cpc,goog_search
ord_1367,#2367,2025-03-07,66.88,False,pin__2666,pinterest,cpc,pin_conv
ord_1368,#2368,2025-03-07,121.26,True,bing__1188,bing,cpc,bing_shop
ord_1369,#2369,2025-03-07,130.34,True,pin__1198,pinterest,cpc,pin_conv
ord_1370,#2370,2025-03-07,53.02,True,,,,
ord_1371,#2371,2025-03-07,32.04,True,,,,
ord_1372,#2372,2025-03-07,206.59,False,,,,
ord_1373,#2373,2025-03-07,10,True,,,,
ord_1374,#2374,2025-03-07,69.28,True,,,,
ord_1375,#2375,2025-03-07,29.93,False,,,,
ord_1376,#2376,2025-03-07,136.06,False,,,,
ord_1377,#2377,2025-03-07,137.38,False,pin__124,pinterest,cpc,pin_aware
ord_1378,#2378,2025-03-07,50.0,False,,,,
ord_1379,#2379,2025-03-07,29.19,False,,,,
ord_1380,#2380,2025-03-07,75.99,True,,,,
ord_1381,#2381,2025-03-07,74.63,False,,,,
ord_1382,#2382,2025-03-07,184.91,False,,,,
ord_1383,#2383,2025-03-07,130.84,False,,,,
ord_1384,#2384,2025-03-07,25.4,True,,,,
ord_1385,#2385,2025-03-07,80.88,False,fbclid_2456,meta,cpc,meta_br
ord_1386,#2386,2025-03-08,56.05,False,,,,
ord_1387,#2387,2025-03-08,60.91,True,,,,
ord_1388,#2388,2025-03-08,126.91,True,,,,
ord_1389,#2389,2025-03-08,254.55,False,,,,
ord_1390,#2390,2025-03-08,10,True,,,,
ord_1391,#2391,2025-03-08,10,False,bing__812,bing,cpc,bing_search
ord_1392,#2392,2025-03-08,27.33,False,,,,
ord_1393,#2393,2025-03-08,96.82,True,fbclid_544,meta,cpc,meta_conv
ord_1394,#2394,2025-03-08,79.2,True,,,,
ord_1395,#2395,2025-03-08,47.48,False,,,,
ord_1396,#2396,2025-03-08,39.31,False,,,,
ord_1397,#2397,2025-03-08,10,False,pin__1196,pinterest,cpc,pin_conv
ord_1398,#2398,2025-03-08,106.55,True,fbclid_307,meta,cpc,meta_ret
ord_1399,#2399,2025-03-08,10,True,fbclid_639,meta,cpc,meta_br
ord_1400,#2400,2025-03-08,37.16,True,,,,
ord_1401,#2401,2025-03-08,39.61,False,,,,
ord_1402,#2402,2025-03-08,75.04,True,fbclid_458,meta,cpc,meta_ret
ord_1403,#2403,2025-03-09,89.28,False,,,,
ord_1404,#2404,2025-03-09,57.25,True,fbclid_198,meta,cpc,meta_ret
ord_1405,#2405,2025-03-09,177.47,False,,,,
ord_1406,#2406,2025-03-09,44.1,False,,,,
ord_1407,#2407,2025-03-09,49.24,False,fbclid_2149,meta,cpc,meta_conv
ord_1408,#2408,2025-03-09,121.99,True,pin__538,pinterest,cpc,pin_conv
ord_1409,#2409,2025-03-09,113.68,False,bing__1761,bing,cpc,bing_search
ord_1410,#2410,2025-03-09,176.96,False,,,,
ord_1411,#2411,2025-03-09,49.32,False,,,,
ord_1412,#2412,2025-03-09,56.55,True,,,,
ord_1413,#2413,2025-03-09,86.46,False,,,,
ord_1414,#2414,2025-03-09,202.32,False,,,,
ord_1415,#2415,2025-03-09,71.03,False,,,,
ord_1416,#2416,2025-03-09,25.92,False,fbclid_1031,meta,cpc,meta_br
ord_1417,#2417,2025-03-09,119.01,False,,,,
ord_1418,#2418,2025-03-09,171.34,False,,,,
ord_1419,#2419,2025-03-09,52.68,True,gclid_1307,google,cpc,goog_pmax
ord_1420,#2420,2025-03-09,25.26,False,pin__1908,pinterest,cpc,pin_aware
ord_1421,#2421,2025-03-09,34.36,False,,,,
ord_1422,#2422,2025-03-09,64.69,True,,,,
ord_1423,#2423,2025-03-09,57.88,False,,,,
ord_1424,#2424,2025-03-09,144.32,True,,,,
ord_1425,#2425,2025-03-10,60.86,True,pin__2926,pinterest,cpc,pin_aware
ord_1426,#2426,2025-03-10,43.46,False,,,,
ord_1427,#2427,2025-03-10,54.96,True,pin__134,pinterest,cpc,pin_conv
ord_1428,#2428,2025-03-10,154.76,False,,,,
ord_1429,#2429,2025-03-10,98.44,False,fbclid_102,meta,cpc,meta_conv
ord_1430,#2430,2025-03-10,54.96,True,pin__2074,pinterest,cpc,pin_aware
ord_1431,#2431,2025-03-10,26.84,False,,,,
ord_1432,#2432,2025-03-10,27.77,False,,,,
ord_1433,#2433,2025-03-10,257.15,False,,,,
ord_1434,#2434,2025-03-10,51.07,True,,,,
ord_1435,#2435,2025-03-10,212.18,False,fbclid_551,meta,cpc,meta_ret
ord_1436,#2436,2025-03-10,155.1,False,fbclid_306,meta,cpc,meta_ret
ord_1437,#2437,2025-03-10,34.93,True,fbclid_1782,meta,cpc,meta_br
ord_1438,#2438,2025-03-10,31.53,True,,,,
ord_1439,#2439,2025-03-10,38.1,False,fbclid_1873,meta,cpc,meta_conv
ord_1440,#2440,2025-03-10,218.96,False,,,,
ord_1441,#2441,2025-03-10,11.32,False,,,,
ord_1442,#2442,2025-03-11,10,False,fbclid_1567,meta,cpc,meta_ret
ord_1443,#2443,2025-03-11,62.72,True,,,,
ord_1444,#2444,2025-03-11,195.79,False,fbclid_2898,meta,cpc,meta_br
ord_1445,#2445,2025-03-11,34.23,True,,,,
ord_1446,#2446,2025-03-11,25.27,False,,,,
ord_1447,#2447,2025-03-11,26.36,False,,,,
ord_1448,#2448,2025-03-11,230.79,True,gclid_2166,google,cpc,goog_pmax
ord_1449,#2449,2025-03-11,160.49,False,bing__1661,bing,cpc,bing_search
ord_1450,#2450,2025-03-11,27.28,True,,,,
ord_1451,#2451,2025-03-11,181.47,False,fbclid_2679,meta,cpc,meta_ret
ord_1452,#2452,2025-03-11,77.66,False,,,,
ord_1453,#2453,2025-03-11,63.61,True,bing__2348,bing,cpc,bing_shop
ord_1454,#2454,2025-03-11,62.11,True,,,,
ord_1455,#2455,2025-03-11,63.71,False,bing__1187,bing,cpc,bing_shop
ord_1456,#2456,2025-03-12,40.56,False,pin__331,pinterest,cpc,pin_aware
ord_1457,#2457,2025-03-12,71.99,True,bing__227,bing,cpc,bing_shop
ord_1458,#2458,2025-03-12,53.45,True,,,,
ord_1459,#2459,2025-03-12,129.28,True,bing__1620,bing,cpc,bing_shop
ord_1460,#2460,2025-03-12,49.11,True,,,,
ord_1461,#2461,2025-03-12,74.95,True,,,,
ord_1462,#2462,2025-03-12,77.77,False,pin__1907,pinterest,cpc,pin_aware
ord_1463,#2463,2025-03-12,47.48,True,,,,
ord_1464,#2464,2025-03-12,67.62,True,fbclid_1553,meta,cpc,meta_br
ord_1465,#2465,2025-03-12,46.81,False,bing__2114,bing,cpc,bing_search
ord_1466,#2466,2025-03-12,29.96,True,,,,
ord_1467,#2467,2025-03-12,46.11,False,,,,
ord_1468,#2468,2025-03-12,50.59,True,bing__1975,bing,cpc,bing_search
ord_1469,#2469,2025-03-12,54.77,True,,,,
ord_1470,#2470,2025-03-12,118.77,False,bing__1980,bing,cpc,bing_shop
ord_1471,#2471,2025-03-12,175.39,False,,,,
ord_1472,#2472,2025-03-12,68.11,False,gclid_2424,google,cpc,goog_search
ord_1473,#2473,2025-03-12,169.51,True,,,,
ord_1474,#2474,2025-03-12,41.96,True,,,,
ord_1475,#2475,2025-03-12,10,False,,,,
ord_1476,#2476,2025-03-12,174.0,False,,,,
ord_1477,#2477,2025-03-12,67.44,False,bing__2070,bing,cpc,bing_shop
ord_1478,#2478,2025-03-13,152.86,True,bing__3047,bing,cpc,bing_search
ord_1479,#2479,2025-03-13,183.78,False,,,,
ord_1480,#2480,2025-03-13,69.87,True,bing__913,bing,cpc,bing_search
ord_1481,#2481,2025-03-13,79.07,False,gclid_2858,google,cpc,goog_search
ord_1482,#2482,2025-03-13,42.6,True,,,,
ord_1483,#2483,2025-03-13,49.69,False,bing__2126,bing,cpc,bing_shop
ord_1484,#2484,2025-03-13,97.17,True,pin__1731,pinterest,cpc,pin_conv
ord_1485,#2485,2025-03-13,76.59,True,fbclid_1598,meta,cpc,meta_conv
ord_1486,#2486,2025-03-13,46.25,True,,,,
ord_1487,#2487,2025-03-13,49.4,True,,,,
ord_1488,#2488,2025-03-13,175.53,False,,,,
ord_1489,#2489,2025-03-13,43.8,True,,,,
ord_1490,#2490,2025-03-13,162.29,True,,,,
ord_1491,#2491,2025-03-13,128.42,False,gclid_513,google,cpc,goog_pmax
ord_1492,#2492,2025-03-13,55.26,False,,,,
ord_1493,#2493,2025-03-13,60.24,True,,,,
ord_1494,#2494,2025-03-13,29.93,False,,,,
ord_1495,#2495,2025-03-13,26.23,False,fbclid_3245,meta,cpc,meta_br
ord_1496,#2496,2025-03-13,142.93,False,,,,
ord_1497,#2497,2025-03-14,33.76,False,pin__3187,pinterest,cpc,pin_aware
ord_1498,#2498,2025-03-14,211.15,True,,,,
ord_1499,#2499,2025-03-14,57.75,False,,,,
ord_1500,#2500,2025-03-14,154.2,False,gclid_603,google,cpc,goog_search
ord_1501,#2501,2025-03-14,53.05,False,,,,
ord_1502,#2502,2025-03-14,24.38,False,,,,
ord_1503,#2503,2025-03-14,32.87,False,,,,
ord_1504,#2504,2025-03-14,67.59,True,,,,
ord_1505,#2505,2025-03-14,76.23,False,,,,
ord_1506,#2506,2025-03-14,125.68,True,,,,
ord_1507,#2507,2025-03-14,52.1,True,pin__190,pinterest,cpc,pin_conv
ord_1508,#2508,2025-03-14,10,True,,,,
ord_1509,#2509,2025-03-14,73.94,True,,,,
ord_1510,#2510,2025-03-14,28.67,False,pin__924,pinterest,cpc,pin_aware
ord_1511,#2511,2025-03-14,31.0,True,,,,
ord_1512,#2512,2025-03-14,14.06,True,,,,
ord_1513,#2513,2025-03-14,42.76,True,,,,
ord_1514,#2514,2025-03-14,41.89,False,,,,
ord_1515,#2515,2025-03-15,144.37,True,,,,
ord_1516,#2516,2025-03-15,58.1,True,,,,
ord_1517,#2517,2025-03-15,17.33,True,gclid_2685,google,cpc,goog_search
ord_1518,#2518,2025-03-15,59.94,True,,,,
ord_1519,#2519,2025-03-15,146.32,False,,,,
ord_1520,#2520,2025-03-15,86.86,True,,,,
ord_1521,#2521,2025-03-15,10,True,,,,
ord_1522,#2522,2025-03-15,144.91,False,gclid_2818,google,cpc,goog_pmax
ord_1523,#2523,2025-03-15,95.18,False,,,,
ord_1524,#2524,2025-03-15,100.54,True,,,,
ord_1525,#2525,2025-03-15,21.83,False,pin__183,pinterest,cpc,pin_aware
ord_1526,#2526,2025-03-15,32.12,True,gclid_2771,google,cpc,goog_search
ord_1527,#2527,2025-03-15,210.29,False,gclid_1098,google,cpc,goog_pmax
ord_1528,#2528,2025-03-15,109.36,False,fbclid_1509,meta,cpc,meta_conv
ord_1529,#2529,2025-03-15,44.99,True,,,,
ord_1530,#2530,2025-03-15,23.41,True,bing__2650,bing,cpc,bing_search
ord_1531,#2531,2025-03-15,28.42,True,,,,
ord_1532,#2532,2025-03-15,71.55,True,,,,
ord_1533,#2533,2025-03-15,10.23,True,fbclid_598,meta,cpc,meta_conv
ord_1534,#2534,2025-03-15,38.7,True,pin__2446,pinterest,cpc,pin_aware
ord_1535,#2535,2025-03-15,56.52,False,,,,
ord_1536,#2536,2025-03-15,133.99,False,,,,
ord_1537,#2537,2025-03-15,26.62,False,,,,
ord_1538,#2538,2025-03-15,48.06,True,,,,
ord_1539,#2539,2025-03-15,52.28,False,bing__763,bing,cpc,bing_search
ord_1540,#2540,2025-03-16,30.59,True,,,,
ord_1541,#2541,2025-03-16,93.31,True,,,,
ord_1542,#2542,2025-03-16,81.29,True,,,,
ord_1543,#2543,2025-03-16,25.15,False,,,,
ord_1544,#2544,2025-03-16,73.99,True,,,,
ord_1545,#2545,2025-03-16,146.94,True,bing__2026,bing,cpc,bing_search
ord_1546,#2546,2025-03-16,27.76,True,,,,
ord_1547,#2547,2025-03-16,193.34,False,,,,
ord_1548,#2548,2025-03-16,121.76,False,,,,
ord_1549,#2549,2025-03-16,139.38,False,gclid_471,google,cpc,goog_pmax
ord_1550,#2550,2025-03-16,38.76,False,,,,
ord_1551,#2551,2025-03-16,39.68,True,fbclid_2945,meta,cpc,meta_conv
ord_1552,#2552,2025-03-16,81.36,False,,,,
ord_1553,#2553,2025-03-16,52.09,True,,,,
ord_1554,#2554,2025-03-16,23.08,False,,,,
ord_1555,#2555,2025-03-16,36.54,True,,,,
ord_1556,#2556,2025-03-16,72.31,True,,,,
ord_1557,#2557,2025-03-16,142.55,False,,,,
ord_1558,#2558,2025-03-16,38.63,True,,,,
ord_1559,#2559,2025-03-16,47.68,False,,,,
ord_1560,#2560,2025-03-16,10,True,,,,
ord_1561,#2561,2025-03-17,143.07,True,bing__2064,bing,cpc,bing_search
ord_1562,#2562,2025-03-17,132.05,True,,,,
ord_1563,#2563,2025-03-17,108.96,False,pin__2141,pinterest,cpc,pin_conv
ord_1564,#2564,2025-03-17,103.4,True,,,,
ord_1565,#2565,2025-03-17,127.85,False,,,,
ord_1566,#2566,2025-03-17,28.65,False,,,,
ord_1567,#2567,2025-03-17,70.35,False,fbclid_1257,meta,cpc,meta_conv
ord_1568,#2568,2025-03-17,74.22,False,fbclid_3210,meta,cpc,meta_ret
ord_1569,#2569,2025-03-17,39.47,True,pin__2618,pinterest,cpc,pin_aware
ord_1570,#2570,2025-03-17,33.03,False,gclid_208,google,cpc,goog_search
ord_1571,#2571,2025-03-17,17.02,True,bing__2298,bing,cpc,bing_shop
ord_1572,#2572,2025-03-17,69.93,True,,,,
ord_1573,#2573,2025-03-17,23.67,False,,,,
ord_1574,#2574,2025-03-17,65.2,False,,,,
ord_1575,#2575,2025-03-18,27.05,False,fbclid_3424,meta,cpc,meta_conv
ord_1576,#2576,2025-03-18,69.16,False,,,,
ord_1577,#2577,2025-03-18,199.07,False,bing__667,bing,cpc,bing_search
ord_1578,#2578,2025-03-18,39.6,False,,,,
ord_1579,#2579,2025-03-18,15.38,False,,,,
ord_1580,#2580,2025-03-18,55.23,False,,,,
ord_1581,#2581,2025-03-18,61.71,True,,,,
ord_1582,#2582,2025-03-18,152.57,False,fbclid_2318,meta,cpc,meta_br
ord_1583,#2583,2025-03-18,139.41,True,,,,
ord_1584,#2584,2025-03-18,145.29,True,,,,
ord_1585,#2585,2025-03-18,19.57,True,fbclid_2709,meta,cpc,meta_br
ord_1586,#2586,2025-03-18,10,False,,,,
ord_1587,#2587,2025-03-18,55.88,True,,,,
ord_1588,#2588,2025-03-18,31.64,True,gclid_1650,google,cpc,goog_pmax
ord_1589,#2589,2025-03-18,92.26,True,,,,
ord_1590,#2590,2025-03-18,40.29,True,bing__2959,bing,cpc,bing_search
ord_1591,#2591,2025-03-18,40.69,True,,,,
ord_1592,#2592,2025-03-18,41.58,True,,,,
ord_1593,#2593,2025-03-18,82.24,True,,,,
ord_1594,#2594,2025-03-18,108.22,False,,,,
ord_1595,#2595,2025-03-18,51.51,True,,,,
ord_1596,#2596,2025-03-18,58.1,False,gclid_1935,google,cpc,goog_pmax
ord_1597,#2597,2025-03-18,156.1,True,,,,
ord_1598,#2598,2025-03-18,10,False,gclid_263,google,cpc,goog_search
ord_1599,#2599,2025-03-18,144.68,False,gclid_1304,google,cpc,goog_pmax
ord_1600,#2600,2025-03-19,42.64,False,gclid_1308,google,cpc,goog_pmax
ord_1601,#2601,2025-03-19,198.8,True,,,,
ord_1602,#2602,2025-03-19,51.55,True,,,,
ord_1603,#2603,2025-03-19,18.86,False,,,,
ord_1604,#2604,2025-03-19,118.56,False,,,,
ord_1605,#2605,2025-03-19,20.98,False,gclid_3341,google,cpc,goog_pmax
ord_1606,#2606,2025-03-19,130.55,True,,,,
ord_1607,#2607,2025-03-19,125.21,False,,,,
ord_1608,#2608,2025-03-19,62.27,False,,,,
ord_1609,#2609,2025-03-19,37.59,True,,,,
ord_1610,#2610,2025-03-19,42.04,False,bing__814,bing,cpc,bing_search
ord_1611,#2611,2025-03-20,229.49,False,,,,
ord_1612,#2612,2025-03-20,106.37,False,,,,
ord_1613,#2613,2025-03-20,53.41,False,,,,
ord_1614,#2614,2025-03-20,54.38,True,,,,
ord_1615,#2615,2025-03-20,169.76,False,,,,
ord_1616,#2616,2025-03-20,70.85,True,fbclid_453,meta,cpc,meta_conv
ord_1617,#2617,2025-03-20,17.29,False,,,,
ord_1618,#2618,2025-03-20,66.51,True,gclid_2021,google,cpc,goog_search
ord_1619,#2619,2025-03-20,67.19,False,,,,
ord_1620,#2620,2025-03-20,43.68,False,,,,
ord_1621,#2621,2025-03-20,26.32,False,pin__2838,pinterest,cpc,pin_conv
ord_1622,#2622,2025-03-20,58.84,False,,,,
ord_1623,#2623,2025-03-20,76.15,False,,,,
ord_1624,#2624,2025-03-20,33.46,False,,,,
ord_1625,#2625,2025-03-20,29.24,False,bing__1809,bing,cpc,bing_shop
ord_1626,#2626,2025-03-20,10,False,,,,
ord_1627,#2627,2025-03-20,28.27,True,fbclid_1083,meta,cpc,meta_conv
ord_1628,#2628,2025-03-20,83.94,False,,,,
ord_1629,#2629,2025-03-20,31.0,False,bing__2067,bing,cpc,bing_search
ord_1630,#2630,2025-03-20,39.56,True,pin__1587,pinterest,cpc,pin_conv
ord_1631,#2631,2025-03-20,176.11,False,,,,
ord_1632,#2632,2025-03-20,55.23,False,bing__279,bing,cpc,bing_shop
ord_1633,#2633,2025-03-21,52.83,False,,,,
ord_1634,#2634,2025-03-21,66.79,False,,,,
ord_1635,#2635,2025-03-21,60.44,False,,,,
ord_1636,#2636,2025-03-21,159.17,True,,,,
ord_1637,#2637,2025-03-21,54.27,True,,,,
ord_1638,#2638,2025-03-21,134.08,False,,,,
ord_1639,#2639,2025-03-21,55.43,True,,,,
ord_1640,#2640,2025-03-21,133.15,False,fbclid_1866,meta,cpc,meta_br
ord_1641,#2641,2025-03-21,77.4,True,,,,
ord_1642,#2642,2025-03-21,83.35,False,gclid_71,google,cpc,goog_pmax
ord_1643,#2643,2025-03-21,10.88,False,bing__964,bing,cpc,bing_search
ord_1644,#2644,2025-03-21,204.02,False,pin__1243,pinterest,cpc,pin_aware
ord_1645,#2645,2025-03-21,213.97,False,bing__423,bing,cpc,bing_search
ord_1646,#2646,2025-03-21,33.0,True,gclid_2470,google,cpc,goog_search
ord_1647,#2647,2025-03-21,95.14,True,,,,
ord_1648,#2648,2025-03-21,93.18,False,,,,
ord_1649,#2649,2025-03-21,91.39,False,,,,
ord_1650,#2650,2025-03-21,24.8,True,gclid_1707,google,cpc,goog_pmax
ord_1651,#2651,2025-03-21,86.38,True,,,,
ord_1652,#2652,2025-03-21,71.23,True,,,,
ord_1653,#2653,2025-03-21,128.52,False,,,,
ord_1654,#2654,2025-03-21,22.26,True,fbclid_2944,meta,cpc,meta_conv
ord_1655,#2655,2025-03-21,123.63,False,gclid_1890,google,cpc,goog_pmax
ord_1656,#2656,2025-03-21,38.07,False,,,,
ord_1657,#2657,2025-03-21,110.73,True,,,,
ord_1658,#2658,2025-03-21,77.07,False,,,,
ord_1659,#2659,2025-03-21,52.61,False,,,,
ord_1660,#2660,2025-03-22,41.83,False,,,,
ord_1661,#2661,2025-03-22,42.54,False,,,,
ord_1662,#2662,2025-03-22,51.05,False,,,,
ord_1663,#2663,2025-03-22,35.48,True,,,,
ord_1664,#2664,2025-03-22,131.64,False,pin__1319,pinterest,cpc,pin_conv
ord_1665,#2665,2025-03-22,209.13,False,pin__131,pinterest,cpc,pin_aware
ord_1666,#2666,2025-03-22,26.54,True,gclid_1384,google,cpc,goog_search
ord_1667,#2667,2025-03-22,58.78,False,,,,
ord_1668,#2668,2025-03-22,15.02,False,,,,
ord_1669,#2669,2025-03-22,66.57,False,,,,
ord_1670,#2670,2025-03-22,201.72,False,,,,
ord_1671,#2671,2025-03-22,49.16,False,,,,
ord_1672,#2672,2025-03-22,175.57,False,,,,
ord_1673,#2673,2025-03-22,17.89,False,bing__3353,bing,cpc,bing_shop
ord_1674,#2674,2025-03-22,32.19,False,pin__1725,pinterest,cpc,pin_aware
ord_1675,#2675,2025-03-22,51.08,True,bing__2920,bing,cpc,bing_shop
ord_1676,#2676,2025-03-22,126.31,False,,,,
ord_1677,#2677,2025-03-22,13.43,False,,,,
ord_1678,#2678,2025-03-22,58.36,True,,,,
ord_1679,#2679,2025-03-22,55.91,False,bing__2877,bing,cpc,bing_shop
ord_1680,#2680,2025-03-22,62.47,False,,,,
ord_1681,#2681,2025-03-22,66.48,True,,,,
ord_1682,#2682,2025-03-22,38.16,True,pin__3319,pinterest,cpc,pin_conv
ord_1683,#2683,2025-03-22,61.82,True,,,,
ord_1684,#2684,2025-03-22,137.41,True,,,,
ord_1685,#2685,2025-03-22,20.86,False,,,,
ord_1686,#2686,2025-03-22,140.59,True,,,,
ord_1687,#2687,2025-03-22,44.62,False,fbclid_742,meta,cpc,meta_conv
ord_1688,#2688,2025-03-22,51.71,False,,,,
ord_1689,#2689,2025-03-23,92.88,False,,,,
ord_1690,#2690,2025-03-23,43.31,True,,,,
ord_1691,#2691,2025-03-23,149.03,True,,,,
ord_1692,#2692,2025-03-23,34.13,True,bing__1272,bing,cpc,bing_search
ord_1693,#2693,2025-03-23,44.83,False,,,,
ord_1694,#2694,2025-03-23,175.74,False,bing__3092,bing,cpc,bing_search
ord_1695,#2695,2025-03-23,35.13,True,,,,
ord_1696,#2696,2025-03-23,50.73,True,,,,
ord_1697,#2697,2025-03-23,41.54,False,gclid_2063,google,cpc,goog_pmax
ord_1698,#2698,2025-03-23,51.2,True,gclid_1708,google,cpc,goog_pmax
ord_1699,#2699,2025-03-23,35.39,False,pin__3192,pinterest,cpc,pin_conv
ord_1700,#2700,2025-03-23,185.73,True,gclid_1301,google,cpc,goog_search
ord_1701,#2701,2025-03-23,35.41,False,,,,
ord_1702,#2702,2025-03-23,40.95,False,,,,
ord_1703,#2703,2025-03-23,199.96,False,,,,
ord_1704,#2704,2025-03-23,38.2,True,fbclid_1289,meta,cpc,meta_conv
ord_1705,#2705,2025-03-23,99.13,False,fbclid_448,meta,cpc,meta_br
ord_1706,#2706,2025-03-23,37.65,False,,,,
ord_1707,#2707,2025-03-23,34.04,True,,,,
ord_1708,#2708,2025-03-24,107.29,False,pin__532,pinterest,cpc,pin_aware
ord_1709,#2709,2025-03-24,74.93,False,,,,
ord_1710,#2710,2025-03-24,96.99,False,,,,
ord_1711,#2711,2025-03-24,27.11,False,,,,
ord_1712,#2712,2025-03-24,42.38,True,,,,
ord_1713,#2713,2025-03-24,129.23,False,gclid_3256,google,cpc,goog_search
ord_1714,#2714,2025-03-24,59.32,True,,,,
ord_1715,#2715,2025-03-24,74.94,True,gclid_608,google,cpc,goog_pmax
ord_1716,#2716,2025-03-24,111.91,True,,,,
ord_1717,#2717,2025-03-24,119.86,True,,,,
ord_1718,#2718,2025-03-24,117.4,False,pin__2789,pinterest,cpc,pin_aware
ord_1719,#2719,2025-03-24,136.97,False,,,,
ord_1720,#2720,2025-03-24,120.33,True,pin__978,pinterest,cpc,pin_conv
ord_1721,#2721,2025-03-24,29.25,False,fbclid_2461,meta,cpc,meta_ret
ord_1722,#2722,2025-03-24,40.34,True,,,,
ord_1723,#2723,2025-03-24,106.36,True,,,,
ord_1724,#2724,2025-03-24,65.25,True,,,,
ord_1725,#2725,2025-03-24,37.14,False,,,,
ord_1726,#2726,2025-03-24,63.92,False,,,,
ord_1727,#2727,2025-03-24,37.58,False,,,,
ord_1728,#2728,2025-03-24,166.77,True,gclid_2957,google,cpc,goog_pmax
ord_1729,#2729,2025-03-24,55.9,False,,,,
ord_1730,#2730,2025-03-24,42.24,True,,,,
ord_1731,#2731,2025-03-24,165.95,False,,,,
ord_1732,#2732,2025-03-24,72.25,True,,,,
ord_1733,#2733,2025-03-24,163.57,False,,,,
ord_1734,#2734,2025-03-24,39.19,False,gclid_3730,google,cpc,goog_pmax
ord_1735,#2735,2025-03-24,134.6,False,fbclid_2240,meta,cpc,meta_ret
ord_1736,#2736,2025-03-24,56.07,True,gclid_1214,google,cpc,goog_search
ord_1737,#2737,2025-03-25,116.84,True,,,,
ord_1738,#2738,2025-03-25,66.49,False,,,,
ord_1739,#2739,2025-03-25,108.22,False,,,,
ord_1740,#2740,2025-03-25,33.72,False,,,,
ord_1741,#2741,2025-03-25,26.6,True,bing__2966,bing,cpc,bing_shop
ord_1742,#2742,2025-03-25,59.9,False,gclid_1265,google,cpc,goog_search
ord_1743,#2743,2025-03-25,41.92,False,,,,
ord_1744,#2744,2025-03-25,90.06,False,bing__3305,bing,cpc,bing_shop
ord_1745,#2745,2025-03-25,155.89,True,,,,
ord_1746,#2746,2025-03-25,94.36,True,,,,
ord_1747,#2747,2025-03-25,55.55,True,fbclid_3162,meta,cpc,meta_conv
ord_1748,#2748,2025-03-25,101.57,False,,,,
ord_1749,#2749,2025-03-25,33.93,False,bing__2208,bing,cpc,bing_search
ord_1750,#2750,2025-03-25,14.54,False,pin__1401,pinterest,cpc,pin_aware
ord_1751,#2751,2025-03-25,30.84,False,,,,
ord_1752,#2752,2025-03-25,52.11,True,bing__3488,bing,cpc,bing_shop
ord_1753,#2753,2025-03-25,77.89,True,fbclid_295,meta,cpc,meta_br
ord_1754,#2754,2025-03-25,39.24,False,,,,
ord_1755,#2755,2025-03-25,45.42,True,,,,
ord_1756,#2756,2025-03-25,45.71,True,bing__1276,bing,cpc,bing_shop
ord_1757,#2757,2025-03-25,46.01,False,,,,
ord_1758,#2758,2025-03-25,75.37,True,,,,
ord_1759,#2759,2025-03-25,85.06,False,,,,
ord_1760,#2760,2025-03-26,121.84,True,,,,
ord_1761,#2761,2025-03-26,36.05,False,,,,
ord_1762,#2762,2025-03-26,113.53,True,pin__2882,pinterest,cpc,pin_aware
ord_1763,#2763,2025-03-26,67.83,False,fbclid_3507,meta,cpc,meta_conv
ord_1764,#2764,2025-03-26,88.99,False,,,,
ord_1765,#2765,2025-03-26,153.39,False,,,,
ord_1766,#2766,2025-03-26,50.23,False,fbclid_3772,meta,cpc,meta_ret
ord_1767,#2767,2025-03-26,57.74,True,,,,
ord_1768,#2768,2025-03-26,243.13,False,fbclid_3032,meta,cpc,meta_conv
ord_1769,#2769,2025-03-26,55.95,True,,,,
ord_1770,#2770,2025-03-26,68.43,True,pin__3355,pinterest,cpc,pin_aware
ord_1771,#2771,2025-03-26,17.56,False,,,,
ord_1772,#2772,2025-03-26,49.97,True,fbclid_3677,meta,cpc,meta_conv
ord_1773,#2773,2025-03-26,169.74,False,,,,
ord_1774,#2774,2025-03-26,27.18,False,,,,
ord_1775,#2775,2025-03-27,181.14,True,,,,
ord_1776,#2776,2025-03-27,42.03,True,,,,
ord_1777,#2777,2025-03-27,56.84,False,,,,
ord_1778,#2778,2025-03-27,79.65,True,gclid_2869,google,cpc,goog_pmax
ord_1779,#2779,2025-03-27,68.37,True,fbclid_1733,meta,cpc,meta_br
ord_1780,#2780,2025-03-27,25.46,True,,,,
ord_1781,#2781,2025-03-27,32.15,False,,,,
ord_1782,#2782,2025-03-27,70.36,False,pin__528,pinterest,cpc,pin_aware
ord_1783,#2783,2025-03-27,40.88,False,pin__2707,pinterest,cpc,pin_conv
ord_1784,#2784,2025-03-27,16.99,False,,,,
ord_1785,#2785,2025-03-27,65.23,True,,,,
ord_1786,#2786,2025-03-27,41.73,False,,,,
ord_1787,#2787,2025-03-27,16.73,True,,,,
ord_1788,#2788,2025-03-27,214.67,False,pin__1548,pinterest,cpc,pin_conv
ord_1789,#2789,2025-03-27,190.59,False,pin__1198,pinterest,cpc,pin_conv
ord_1790,#2790,2025-03-27,19.44,True,,,,
ord_1791,#2791,2025-03-27,123.51,True,,,,
ord_1792,#2792,2025-03-27,209.49,False,,,,
ord_1793,#2793,2025-03-27,107.47,False,,,,
ord_1794,#2794,2025-03-28,112.74,True,,,,
ord_1795,#2795,2025-03-28,65.24,True,,,,
ord_1796,#2796,2025-03-28,105.31,True,pin__431,pinterest,cpc,pin_aware
ord_1797,#2797,2025-03-28,57.87,False,,,,
ord_1798,#2798,2025-03-28,33.17,True,,,,
ord_1799,#2799,2025-03-28,31.62,True,fbclid_2586,meta,cpc,meta_ret
ord_1800,#2800,2025-03-28,44.36,False,,,,
ord_1801,#2801,2025-03-28,31.26,True,,,,
ord_1802,#2802,2025-03-28,76.47,True,gclid_3085,google,cpc,goog_pmax
ord_1803,#2803,2025-03-28,26.13,False,,,,
ord_1804,#2804,2025-03-28,59.78,False,,,,
ord_1805,#2805,2025-03-28,67.02,False,,,,
ord_1806,#2806,2025-03-28,42.74,True,,,,
ord_1807,#2807,2025-03-28,10,False,fbclid_2329,meta,cpc,meta_ret
ord_1808,#2808,2025-03-28,57.7,False,,,,
ord_1809,#2809,2025-03-28,146.47,False,,,,
ord_1810,#2810,2025-03-28,53.65,True,,,,
ord_1811,#2811,2025-03-28,225.21,False,,,,
ord_1812,#2812,2025-03-28,81.28,False,bing__2395,bing,cpc,bing_shop
ord_1813,#2813,2025-03-28,75.4,True,,,,
ord_1814,#2814,2025-03-28,59.15,True,,,,
ord_1815,#2815,2025-03-28,83.89,False,,,,
ord_1816,#2816,2025-03-28,26.77,False,bing__176,bing,cpc,bing_search
ord_1817,#2817,2025-03-28,34.96,False,,,,
ord_1818,#2818,2025-03-28,26.48,True,,,,
ord_1819,#2819,2025-03-28,36.2,False,,,,
ord_1820,#2820,2025-03-29,116.81,False,,,,
ord_1821,#2821,2025-03-29,60.49,False,,,,
ord_1822,#2822,2025-03-29,86.42,False,,,,
ord_1823,#2823,2025-03-29,49.92,True,,,,
ord_1824,#2824,2025-03-29,50.42,False,,,,
ord_1825,#2825,2025-03-29,54.87,False,,,,
ord_1826,#2826,2025-03-29,169.86,False,,,,
ord_1827,#2827,2025-03-29,43.67,False,,,,
ord_1828,#2828,2025-03-29,37.51,False,,,,
ord_1829,#2829,2025-03-29,55.36,False,,,,
ord_1830,#2830,2025-03-29,10,False,,,,
ord_1831,#2831,2025-03-29,33.13,True,,,,
ord_1832,#2832,2025-03-29,155.33,False,pin__2409,pinterest,cpc,pin_conv
ord_1833,#2833,2025-03-29,82.96,False,pin__1586,pinterest,cpc,pin_aware
ord_1834,#2834,2025-03-29,80.92,True,pin__2452,pinterest,cpc,pin_conv
ord_1835,#2835,2025-03-29,75.44,True,fbclid_3722,meta,cpc,meta_conv
ord_1836,#2836,2025-03-29,26.47,False,,,,
ord_1837,#2837,2025-03-29,78.06,True,,,,
ord_1838,#2838,2025-03-29,70.56,True,fbclid_840,meta,cpc,meta_conv
ord_1839,#2839,2025-03-29,85.65,False,,,,
ord_1840,#2840,2025-03-29,51.69,False,,,,
ord_1841,#2841,2025-03-29,38.12,True,,,,
ord_1842,#2842,2025-03-29,15.89,False,,,,
ord_1843,#2843,2025-03-30,155.92,False,gclid_72,google,cpc,goog_pmax
ord_1844,#2844,2025-03-30,10,False,,,,
ord_1845,#2845,2025-03-30,114.55,False,,,,
ord_1846,#2846,2025-03-30,20.65,True,,,,
ord_1847,#2847,2025-03-30,119.58,False,,,,
ord_1848,#2848,2025-03-30,23.34,True,gclid_1263,google,cpc,goog_search
ord_1849,#2849,2025-03-30,65.37,False,,,,
ord_1850,#2850,2025-03-30,52.69,False,,,,
ord_1851,#2851,2025-03-30,67.21,False,,,,
ord_1852,#2852,2025-03-30,185.96,True,fbclid_3636,meta,cpc,meta_conv
ord_1853,#2853,2025-03-30,70.89,False,bing__3140,bing,cpc,bing_shop
ord_1854,#2854,2025-03-30,136.68,False,fbclid_1513,meta,cpc,meta_ret
ord_1855,#2855,2025-03-30,116.87,False,pin__4022,pinterest,cpc,pin_conv
ord_1856,#2856,2025-03-30,71.54,False,fbclid_1166,meta,cpc,meta_conv
ord_1857,#2857,2025-03-30,137.14,True,gclid_1263,google,cpc,goog_search
ord_1858,#2858,2025-03-30,46.67,True,,,,
ord_1859,#2859,2025-03-30,22.28,False,fbclid_2801,meta,cpc,meta_ret
ord_1860,#2860,2025-03-30,35.93,False,,,,
ord_1861,#2861,2025-03-30,46.38,True,,,,
ord_1862,#2862,2025-03-30,109.86,False,,,,
ord_1863,#2863,2025-03-30,66.9,False,,,,
ord_1864,#2864,2025-03-31,65.45,False,bing__2826,bing,cpc,bing_shop
ord_1865,#2865,2025-03-31,35.42,False,bing__3912,bing,cpc,bing_shop
ord_1866,#2866,2025-03-31,32.6,False,pin__1151,pinterest,cpc,pin_aware
ord_1867,#2867,2025-03-31,63.71,False,gclid_2560,google,cpc,goog_search
ord_1868,#2868,2025-03-31,30.18,False,bing__3958,bing,cpc,bing_search
ord_1869,#2869,2025-03-31,128.32,True,bing__1844,bing,cpc,bing_search
ord_1870,#2870,2025-03-31,142.5,False,,,,
ord_1871,#2871,2025-03-31,138.43,True,fbclid_2326,meta,cpc,meta_conv
ord_1872,#2872,2025-03-31,192.33,False,pin__3056,pinterest,cpc,pin_conv
ord_1873,#2873,2025-03-31,140.97,True,,,,
ord_1874,#2874,2025-03-31,11.24,False,gclid_903,google,cpc,goog_search
ord_1875,#2875,2025-03-31,24.9,False,,,,
ord_1876,#2876,2025-03-31,71.27,False,,,,
ord_1877,#2877,2025-03-31,63.32,False,,,,
ord_1878,#2878,2025-03-31,110.87,True,,,,
ord_1879,#2879,2025-03-31,41.53,True,fbclid_2242,meta,cpc,meta_ret
ord_1880,#2880,2025-03-31,28.65,False,,,,
ord_1881,#2881,2025-03-31,82.79,True,bing__2831,bing,cpc,bing_shop
ord_1882,#2882,2025-03-31,50.88,False,bing__3822,bing,cpc,bing_shop
ord_1883,#2883,2025-03-31,168.56,True,,,,
